{
  "experiment": "exp173_rhyme_memory",
  "frozen_at": "2026-05-01",
  "verdict": "PASS_HIGHER_ORDER_RHYME_MEMORY",
  "audit": {
    "N_verses": 6236,
    "H0": 1.7327548536191055
  },
  "observed": {
    "H_1": 0.7244259399470869,
    "H_2": 0.6503840219265173,
    "H_3": 0.5668455464167383,
    "dH1": 1.0083289136720186,
    "dH2": 0.07404191802056959,
    "dH3": 0.083538475509779,
    "total_compressibility_bits": 1.1659093072023672,
    "modal_lag1": 0.1606072684918796
  },
  "shuffle": {
    "n_perm": 2000,
    "alpha_per_test": 0.01,
    "T1_dH1": {
      "p": 0.0004997501249375312,
      "pass": true,
      "null_mean": 0.004349176084350228,
      "null_std": 0.001049657040332419
    },
    "T2_dH2": {
      "p": 0.0004997501249375312,
      "pass": true,
      "null_mean": 0.023642757929857428,
      "null_std": 0.00222936739116457
    },
    "T3_dH3": {
      "p": 0.005997001499250375,
      "pass": true,
      "null_mean": 0.07145377919801368,
      "null_std": 0.004492299615175775
    },
    "T4_total": {
      "p": 0.0004997501249375312,
      "pass": true,
      "null_mean": 0.09944571321222133,
      "null_std": 0.0049441163408009995
    },
    "T5_modal": {
      "p": 0.03648175912043978,
      "pass": false,
      "null_mean": -0.00847075630504222,
      "null_std": 0.09366390680393999
    }
  },
  "n_pass": 4
}