{
  "experiment": "exp175b_homogeneity_null",
  "frozen_at": "2026-05-01",
  "verdict": "PASS_2_QURAN_HOMOGENEITY_INVARIANTS",
  "n_surahs": 114,
  "n_perm": 10000,
  "alpha_per_test": 0.01,
  "target_invariants": {
    "H_1": {
      "obs_mean": 4.027611546097569,
      "obs_std": 0.1138548286277255,
      "obs_cv": 0.02826857240938284,
      "null_cv_mean": 0.023085178605493903,
      "null_cv_std": 0.0026162939533789214,
      "z": 1.9811970276484516,
      "p": 0.9699030096990301,
      "pass": false
    },
    "p_max": {
      "obs_mean": 0.16823469957769022,
      "obs_std": 0.01931571320109628,
      "obs_cv": 0.11481408561719664,
      "null_cv_mean": 0.09588990958015191,
      "null_cv_std": 0.011409158292628663,
      "z": 1.6586829239867273,
      "p": 0.9401059894010599,
      "pass": false
    },
    "vowel_frac": {
      "obs_mean": 0.4566367958675685,
      "obs_std": 0.010733010575589804,
      "obs_cv": 0.02350448030627505,
      "null_cv_mean": 0.03843511240808629,
      "null_cv_std": 0.004531904387805377,
      "z": -3.2945602608005493,
      "p": 9.999000099990002e-05,
      "pass": true
    },
    "alt_rate": {
      "obs_mean": 0.8505412019763414,
      "obs_std": 0.019099150553890814,
      "obs_cv": 0.02245529141858324,
      "null_cv_mean": 0.025944386932525657,
      "null_cv_std": 0.0030760731241731157,
      "z": -1.13426936652565,
      "p": 0.1254874512548745,
      "pass": false
    },
    "rho_lag1": {
      "obs_mean": -0.4506787102284664,
      "obs_std": 0.038464982755534526,
      "obs_cv": 0.08534901223986184,
      "null_cv_mean": 88.37853970288049,
      "null_cv_std": 1582.5413137230687,
      "z": -0.05579202888733632,
      "p": 9.999000099990002e-05,
      "pass": true
    }
  },
  "survivors": [
    "vowel_frac",
    "rho_lag1"
  ]
}