{
  "experiment_id": "expE7_per_surah_hurst",
  "task": "E7",
  "tier": 2,
  "title": "Per-surah DFA Hurst + box-counting fractal dimension spectrum",
  "generated_utc": "2026-04-23T18:51:49+00:00",
  "seed": 42,
  "n_shuffles_whole": 1000,
  "n_shuffles_per_surah": 100,
  "min_n_verses": 40,
  "nolds_available": true,
  "whole_corpus": {
    "H_vl": 0.9053907703144909,
    "H_el": 1.2194954901464121,
    "H_vl_shuffle_null_mean": 0.540671422278283,
    "H_vl_shuffle_null_sd": 0.013824584424453251,
    "H_vl_shuffle_null_p": 0.0
  },
  "per_surah_summary": {
    "n_surahs": 57,
    "H_vl": {
      "mean": 0.8815262866369795,
      "median": 0.8357885317943126,
      "sd": 0.1895051916340726,
      "min": 0.48302314692433707,
      "max": 1.5389561280631956,
      "p_lt_05_count": 1,
      "p_gt_095_count": 17
    },
    "H_el": {
      "n_valid": 56,
      "mean": 1.2448267876984669,
      "median": 1.2341430269525997,
      "sd": 0.5572875677983962
    },
    "wilcoxon_H_vl_gt_05_p": 2.7126833791212733e-11,
    "wilcoxon_H_el_gt_05_p": 8.724716680143611e-10,
    "length_regression_H_vl": {
      "slope": -0.1448674851357602,
      "intercept": 1.5189345479067393,
      "r": -0.3711891711101857,
      "p": 0.004473949487431113,
      "median_residual": -0.016927773277757963,
      "intercept_at_median_n": 0.8877890967154496
    },
    "fraction_surahs_shuffle_p_lt_05": 0.19298245614035087
  },
  "pre_registered_criteria": {
    "PER_SURAH_PERSISTENT": "wil_p<0.05 AND median_resid>0 AND frac_shuf_sig>=0.5",
    "PARTIAL_PERSISTENT": "wil_p<0.05 AND median_resid>0",
    "WEAK_PERSISTENT": "wil_p<0.05 OR frac_shuf_sig>=0.3",
    "NULL_PER_SURAH_FLAT": "neither"
  },
  "verdict": "WEAK_PERSISTENT",
  "per_surah": [
    {
      "surah": 2,
      "label": "Q:002",
      "n_verses": 286,
      "n_words": 6145,
      "H_vl": 0.7036862925817794,
      "H_el": 1.0215593720116047,
      "D_vl": 1.121954623436737,
      "H_vl_shuffle_p": 0.21
    },
    {
      "surah": 3,
      "label": "Q:003",
      "n_verses": 200,
      "n_words": 3505,
      "H_vl": 0.7130460022639611,
      "H_el": 1.0185673316622736,
      "D_vl": 1.0221030767298949,
      "H_vl_shuffle_p": 0.21
    },
    {
      "surah": 4,
      "label": "Q:004",
      "n_verses": 176,
      "n_words": 3767,
      "H_vl": 0.8300942625047945,
      "H_el": 1.3591469351894876,
      "D_vl": 0.9479730094357744,
      "H_vl_shuffle_p": 0.0
    },
    {
      "surah": 5,
      "label": "Q:005",
      "n_verses": 120,
      "n_words": 2841,
      "H_vl": 0.6642167815262843,
      "H_el": 1.0114624747640344,
      "D_vl": 0.8034357354738322,
      "H_vl_shuffle_p": 0.83
    },
    {
      "surah": 6,
      "label": "Q:006",
      "n_verses": 165,
      "n_words": 3060,
      "H_vl": 0.6660831480795412,
      "H_el": 1.4245275778991664,
      "D_vl": 0.8928658668579877,
      "H_vl_shuffle_p": 0.55
    },
    {
      "surah": 7,
      "label": "Q:007",
      "n_verses": 206,
      "n_words": 3345,
      "H_vl": 0.7823216467051012,
      "H_el": 0.9618664397103881,
      "D_vl": 0.9506361905790317,
      "H_vl_shuffle_p": 0.02
    },
    {
      "surah": 8,
      "label": "Q:008",
      "n_verses": 75,
      "n_words": 1247,
      "H_vl": 0.8765431295174386,
      "H_el": 0.2392197842291118,
      "D_vl": 0.7302836268709233,
      "H_vl_shuffle_p": 0.43
    },
    {
      "surah": 9,
      "label": "Q:009",
      "n_verses": 129,
      "n_words": 2505,
      "H_vl": 0.8001990199935889,
      "H_el": 1.080648919075302,
      "D_vl": 0.8412296549231382,
      "H_vl_shuffle_p": 0.09
    },
    {
      "surah": 10,
      "label": "Q:010",
      "n_verses": 109,
      "n_words": 1843,
      "H_vl": 0.801763118301608,
      "H_el": 1.3923283030571862,
      "D_vl": 0.7892744291862847,
      "H_vl_shuffle_p": 0.28
    },
    {
      "surah": 11,
      "label": "Q:011",
      "n_verses": 123,
      "n_words": 1950,
      "H_vl": 0.7494975265951138,
      "H_el": 1.1894208938079438,
      "D_vl": 0.8060578257596158,
      "H_vl_shuffle_p": 0.21
    },
    {
      "surah": 12,
      "label": "Q:012",
      "n_verses": 111,
      "n_words": 1799,
      "H_vl": 0.8765853854396541,
      "H_el": 1.366862641625229,
      "D_vl": 0.8150807210246743,
      "H_vl_shuffle_p": 0.06
    },
    {
      "surah": 13,
      "label": "Q:013",
      "n_verses": 43,
      "n_words": 858,
      "H_vl": 1.0087515059527368,
      "H_el": 1.0536065937963641,
      "D_vl": 0.5069532189789082,
      "H_vl_shuffle_p": 0.11
    },
    {
      "surah": 14,
      "label": "Q:014",
      "n_verses": 52,
      "n_words": 834,
      "H_vl": 1.0485643194267393,
      "H_el": 1.2986563986487434,
      "D_vl": 0.5631219189851296,
      "H_vl_shuffle_p": 0.05
    },
    {
      "surah": 15,
      "label": "Q:015",
      "n_verses": 99,
      "n_words": 661,
      "H_vl": 0.6775268725073048,
      "H_el": 0.9526391017930447,
      "D_vl": 0.7433109999580183,
      "H_vl_shuffle_p": 0.83
    },
    {
      "surah": 16,
      "label": "Q:016",
      "n_verses": 128,
      "n_words": 1848,
      "H_vl": 0.7896148223330671,
      "H_el": 1.0296127067231147,
      "D_vl": 0.8117335518873942,
      "H_vl_shuffle_p": 0.15
    },
    {
      "surah": 17,
      "label": "Q:017",
      "n_verses": 111,
      "n_words": 1562,
      "H_vl": 0.7154680378049328,
      "H_el": 0.9517783861359695,
      "D_vl": 0.761850517205236,
      "H_vl_shuffle_p": 0.57
    },
    {
      "surah": 18,
      "label": "Q:018",
      "n_verses": 110,
      "n_words": 1587,
      "H_vl": 0.7391922022510071,
      "H_el": 1.6662623418429623,
      "D_vl": 0.7720409375248133,
      "H_vl_shuffle_p": 0.53
    },
    {
      "surah": 19,
      "label": "Q:019",
      "n_verses": 98,
      "n_words": 975,
      "H_vl": 0.757251068612312,
      "H_el": 2.010515905682599,
      "D_vl": 0.7787993655568387,
      "H_vl_shuffle_p": 0.6
    },
    {
      "surah": 20,
      "label": "Q:020",
      "n_verses": 135,
      "n_words": 1357,
      "H_vl": 0.8144269412258289,
      "H_el": 1.454726439463133,
      "D_vl": 0.8502724460934139,
      "H_vl_shuffle_p": 0.08
    },
    {
      "surah": 21,
      "label": "Q:021",
      "n_verses": 112,
      "n_words": 1178,
      "H_vl": 0.6650703035654699,
      "H_el": 0.8587257564113656,
      "D_vl": 0.7637634753793451,
      "H_vl_shuffle_p": 0.78
    },
    {
      "surah": 22,
      "label": "Q:022",
      "n_verses": 78,
      "n_words": 1283,
      "H_vl": 1.207905123235978,
      "H_el": 1.4010512439296139,
      "D_vl": 0.740234273768856,
      "H_vl_shuffle_p": 0.12
    },
    {
      "surah": 23,
      "label": "Q:023",
      "n_verses": 118,
      "n_words": 1056,
      "H_vl": 0.7877609642043534,
      "H_el": 1.3252182321424777,
      "D_vl": 0.8178310566486156,
      "H_vl_shuffle_p": 0.52
    },
    {
      "surah": 24,
      "label": "Q:024",
      "n_verses": 64,
      "n_words": 1323,
      "H_vl": 0.7308267380384562,
      "H_el": 1.5887460726040872,
      "D_vl": 0.6579150310104308,
      "H_vl_shuffle_p": 0.69
    },
    {
      "surah": 25,
      "label": "Q:025",
      "n_verses": 77,
      "n_words": 900,
      "H_vl": 0.9074296124288247,
      "H_el": 3.295136530966739,
      "D_vl": 0.6511771717981207,
      "H_vl_shuffle_p": 0.33
    },
    {
      "surah": 26,
      "label": "Q:026",
      "n_verses": 227,
      "n_words": 1324,
      "H_vl": 0.6646977887154075,
      "H_el": 0.9026764051533399,
      "D_vl": 1.0165038279982763,
      "H_vl_shuffle_p": 0.42
    },
    {
      "surah": 27,
      "label": "Q:027",
      "n_verses": 93,
      "n_words": 1163,
      "H_vl": 0.8323785078086189,
      "H_el": 0.89707576314782,
      "D_vl": 0.7822116525015316,
      "H_vl_shuffle_p": 0.36
    },
    {
      "surah": 28,
      "label": "Q:028",
      "n_verses": 88,
      "n_words": 1442,
      "H_vl": 0.8994526558078418,
      "H_el": 1.65883241649208,
      "D_vl": 0.7082727811344337,