{
  "experiment": "exp32_canonical_path_near_optimality",
  "schema_version": 1,
  "hypothesis": "Is the canonical surah ordering near-optimal under combinatorial search (NN-greedy + 2-opt + SA), not just statistically rare under uniform random permutations?",
  "config": {
    "seed": 42,
    "n_random_2opt_starts": 200,
    "sa_iter": 50000,
    "sa_t_start": 1.0,
    "sa_t_end": 0.01,
    "n_uniform_random": 1000
  },
  "n_surahs": 114,
  "canonical_order_labels": [
    "Q:001",
    "Q:002",
    "Q:003",
    "Q:004",
    "Q:005",
    "Q:006",
    "Q:007",
    "Q:008",
    "Q:009",
    "Q:010",
    "Q:011",
    "Q:012",
    "Q:013",
    "Q:014",
    "Q:015",
    "Q:016",
    "Q:017",
    "Q:018",
    "Q:019",
    "Q:020",
    "Q:021",
    "Q:022",
    "Q:023",
    "Q:024",
    "Q:025",
    "Q:026",
    "Q:027",
    "Q:028",
    "Q:029",
    "Q:030",
    "Q:031",
    "Q:032",
    "Q:033",
    "Q:034",
    "Q:035",
    "Q:036",
    "Q:037",
    "Q:038",
    "Q:039",
    "Q:040",
    "Q:041",
    "Q:042",
    "Q:043",
    "Q:044",
    "Q:045",
    "Q:046",
    "Q:047",
    "Q:048",
    "Q:049",
    "Q:050",
    "Q:051",
    "Q:052",
    "Q:053",
    "Q:054",
    "Q:055",
    "Q:056",
    "Q:057",
    "Q:058",
    "Q:059",
    "Q:060",
    "Q:061",
    "Q:062",
    "Q:063",
    "Q:064",
    "Q:065",
    "Q:066",
    "Q:067",
    "Q:068",
    "Q:069",
    "Q:070",
    "Q:071",
    "Q:072",
    "Q:073",
    "Q:074",
    "Q:075",
    "Q:076",
    "Q:077",
    "Q:078",
    "Q:079",
    "Q:080",
    "Q:081",
    "Q:082",
    "Q:083",
    "Q:084",
    "Q:085",
    "Q:086",
    "Q:087",
    "Q:088",
    "Q:089",
    "Q:090",
    "Q:091",
    "Q:092",
    "Q:093",
    "Q:094",
    "Q:095",
    "Q:096",
    "Q:097",
    "Q:098",
    "Q:099",
    "Q:100",
    "Q:101",
    "Q:102",
    "Q:103",
    "Q:104",
    "Q:105",
    "Q:106",
    "Q:107",
    "Q:108",
    "Q:109",
    "Q:110",
    "Q:111",
    "Q:112",
    "Q:113",
    "Q:114"
  ],
  "L_canonical": 571.4134155405114,
  "L_NN_min_across_114_starts": 229.79391035405664,
  "L_NN_summary": {
    "n": 114,
    "mean": 240.0587804457328,
    "median": 239.73363858319092,
    "sd": 3.009277872404806,
    "min": 229.79391035405664,
    "max": 249.59463085465836,
    "q05": 235.9445501026363,
    "q25": 238.2075755471985,
    "q75": 242.3506599101194,
    "q95": 244.2689833327072
  },
  "L_2opt_canonical": 476.84760954041974,
  "L_2opt_random_min": 526.9618514060527,
  "L_2opt_random_summary": {
    "n": 200,
    "mean": 590.0579799923898,
    "median": 590.4640023147331,
    "sd": 21.62310725678065,
    "min": 526.9618514060527,
    "max": 644.0196679025441,
    "q05": 548.7822565681565,
    "q25": 576.7639700393877,
    "q75": 605.4741080482793,
    "q95": 622.7678457812385
  },
  "L_SA_final": 222.1675764225515,
  "L_best_known_lower_bound": 222.1675764225515,
  "ratio_canonical_to_2opt_canonical": 1.19831452251849,
  "ratio_canonical_to_2opt_random_min": 1.084354425307737,
  "ratio_canonical_to_SA": 2.5719928386566724,
  "ratio_canonical_to_best_known": 2.5719928386566724,
  "rank_of_canonical_among_200_random_2opt_minima": 32,
  "uniform_random_baseline": {
    "n": 1000,
    "summary": {
      "n": 1000,
      "mean": 667.9323631273827,
      "median": 668.1799357634836,
      "sd": 17.413518817164043,
      "min": 612.1370992387208,
      "max": 733.2591390410279,
      "q05": 639.3406263386515,
      "q25": 655.9313803322558,
      "q75": 679.8545274289495,
      "q95": 696.3177203043988
    },
    "n_uniformly_shorter_than_canonical": 0,
    "one_sided_p_value_canonical_shorter_than_random": 0.0
  },
  "runtime_seconds": 2.2
}