{
  "experiment": "exp97_multifractal_spectrum",
  "schema_version": "1.0",
  "hypothesis": "H52",
  "verdict": "FAIL_audit_A2",
  "prereg_hash_actual": "cc66b48294d34d001ba147e3ce7bfded249fb523266a7372f52006575ba3b5af",
  "frozen_constants": {
    "ARABIC_POOL": [
      "quran",
      "poetry_jahili",
      "poetry_islami",
      "poetry_abbasi",
      "ksucca",
      "arabic_bible",
      "hindawi"
    ],
    "SERIES_VARIABLE": "letters_28_per_verse",
    "Q_GRID": [
      -5,
      -4,
      -3,
      -2,
      -1,
      0,
      1,
      2,
      3,
      4,
      5
    ],
    "SCALE_GRID_MIN": 16,
    "SCALE_GRID_MAX_FRAC": 0.25,
    "N_SCALES": 16,
    "DETREND_ORDER": 1,
    "F_ALPHA_THRESHOLD": 0.5,
    "MARGIN_FRACTION": 0.05,
    "RNG_SEED": 97000,
    "LIBRARY": "hand_rolled"
  },
  "per_corpus": {
    "quran": {
      "N": 6236,
      "scales": [
        16,
        22,
        29,
        40,
        54,
        74,
        100,
        136,
        184,
        250,
        339,
        460,
        624,
        847,
        1149,
        1559
      ],
      "h_q": [
        1.223350887099931,
        1.2017202707206192,
        1.1765404416599796,
        1.1469009785016664,
        1.107517496536107,
        1.0560063147691094,
        1.0071210001445428,
        0.9677351714873168,
        0.9358647884593596,
        0.9095232952864855,
        0.8876057150531464
      ],
      "tau_q": [
        -7.116754435499655,
        -5.806881082882477,
        -4.529621324979939,
        -3.293801957003333,
        -2.107517496536107,
        -1.0,
        0.007121000144542755,
        0.9354703429746336,
        1.8075943653780788,
        2.638093181145942,
        3.438028575265732
      ],
      "alpha": [
        1.3098733526171786,
        1.2935665552598583,
        1.256539562939572,
        1.2110519142219158,
        1.1469009785016664,
        1.0573192483403249,
        0.9677351714873168,
        0.900236682616768,
        0.8513114190856541,
        0.8152171049438266,
        0.7999353941197902
      ],
      "f_alpha": [
        0.5673876724137621,
        0.6326148618430434,
        0.7600026361612229,
        0.8716981285595011,
        0.9606165180344406,
        1.0,
        0.960614171342774,
        0.8650030222589025,
        0.7463398918788835,
        0.6227752386293646,
        0.561648395333219
      ],
      "delta_alpha": 0.5099379584973884,
      "h_estimate": 1.0573192483403249
    },
    "poetry_jahili": {
      "N": 2561,
      "scales": [
        16,
        20,
        26,
        33,
        43,
        55,
        70,
        89,
        114,
        146,
        187,
        239,
        306,
        391,
        500,
        640
      ],
      "h_q": [
        0.7119742600805743,
        0.7007491953607509,
        0.6900714626292291,
        0.6805275992030507,
        0.6726089558873077,
        0.6667732813897302,
        0.6633764198453536,
        0.6623089700736648,
        0.6626679177666981,
        0.6631193126060124,
        0.6627701975520506
      ],
      "tau_q": [
        -4.559871300402872,
        -3.8029967814430035,
        -3.0702143878876873,
        -2.3610551984061017,
        -1.6726089558873078,
        -1.0,
        -0.33662358015464644,
        0.3246179401473297,
        0.9880037533000943,
        1.6524772504240497,
        2.3138509877602527
      ],
      "alpha": [
        0.7568745189598682,
        0.7448284562575922,
        0.7209707915184509,
        0.6988027160001897,
        0.6805275992030508,
        0.6679926878663307,
        0.6623089700736648,
        0.6623136667273704,
        0.66392965513836,
        0.6629236172300792,
        0.661373737336203
      ],
      "f_alpha": [
        0.7754987056035305,
        0.8236829564126347,
        0.9073020133323348,
        0.9634497664057222,
        0.992081356684257,
        1.0,
        0.9989325502283113,
        1.000009393307411,
        1.0037852121149857,
        0.9992172184962671,
        0.9930176989207622
      ],
      "delta_alpha": 0.09550078162366527,
      "h_estimate": 0.66392965513836
    },
    "poetry_islami": {
      "N": 10295,
      "scales": [
        16,
        22,
        31,
        44,
        62,
        87,
        122,
        171,
        240,
        337,
        473,
        664,
        931,
        1307,
        1834,
        2573
      ],
      "h_q": [
        0.7505190597703755,
        0.7402858057945054,
        0.7342307714008228,
        0.7319926628435625,
        0.7316094600024159,
        0.7314743809477473,
        0.7305549559504492,
        0.7283561335684811,
        0.7248541267256913,
        0.7203599409272601,
        0.7153079097247489
      ],
      "tau_q": [
        -4.752595298851878,
        -3.9611432231780217,
        -3.2026923142024684,
        -2.463985325687125,
        -1.731609460002416,
        -1.0,
        -0.26944504404955083,
        0.4567122671369621,
        1.1745623801770737,
        1.8814397637090403,
        2.5765395486237446
      ],
      "alpha": [
        0.7914520756738561,
        0.7749514923247047,
        0.7485789487454484,
        0.7355414271000262,
        0.7319926628435625,
        0.7310822079764325,
        0.7283561335684811,
        0.7220037121133123,
        0.7123637482860391,
        0.7009885842233354,
        0.6950997849147043
      ],
      "f_alpha": [
        0.7953349204825972,
        0.8613372538792028,
        0.9569554679661234,
        0.9929024714870724,
        0.9996167971588534,
        1.0,
        0.9978011776180319,
        0.9872951570896624,
        0.9625288646810435,
        0.9225145731843014,
        0.8989593759497767
      ],
      "delta_alpha": 0.09635229075915186,
      "h_estimate": 0.7310822079764325
    },
    "poetry_abbasi": {
      "N": 76499,
      "scales": [
        16,
        26,
        41,
        66,
        106,
        170,
        272,
        437,
        701,
        1124,
        1802,
        2890,
        4635,
        7434,
        11924,
        19124
      ],
      "h_q": [
        0.7273263097157365,
        0.7244609108636026,
        0.7219721546859525,
        0.7197169035025592,
        0.7174368492711045,
        0.714865802341483,
        0.7118122691263673,
        0.7081639869628014,
        0.7038738614799421,
        0.6989616123285658,
        0.6935150260799905
      ],
      "tau_q": [
        -4.636631548578682,
        -3.8978436434544106,
        -3.1659164640578576,
        -2.4394338070051185,
        -1.7174368492711045,
        -1.0,
        -0.2881877308736327,
        0.4163279739256027,
        1.1116215844398263,
        1.7958464493142632,
        2.4675751303999522
      ],
      "alpha": [
        0.7387879051242718,
        0.7353575422604124,
        0.7292049182246461,
        0.7242398073933766,
        0.7197169035025592,
        0.7146245591987359,
        0.7081639869628014,
        0.6999046576567295,
        0.6897592376943302,
        0.677976772980063,
        0.6717286810856891
      ],
      "f_alpha": [
        0.9426920229573232,
        0.956413474412761,
        0.9783017093839192,
        0.9909541922183653,
        0.9977199457685453,
        1.0,
        0.9963517178364341,
        0.9834813413878563,
        0.9576561286431642,
        0.9160606426059887,
        0.8910682750284931
      ],
      "delta_alpha": 0.06705922403858278,
      "h_estimate": 0.7146245591987359
    },
    "ksucca": {
      "N": 1967,
      "scales": [
        16,
        20,
        25,
        32,
        40,
        50,
        63,
        79,
        99,
        125,
        157,
        197,
        248,
        311,
        391,
        491
      ],