{
  "experiment": "exp02_mi_criticality",
  "description": "Lagged MI decay (Lin & Tegmark 2017). Tests power-law vs exponential fit of I(τ) per Arabic corpus. All corpora truncated to equal length for fairness.",
  "protocol": {
    "alphabet_size": 30,
    "tau_grid": [
      1,
      2,
      4,
      8,
      16,
      32,
      64,
      128,
      256
    ],
    "L_trunc": 70066,
    "estimator": "plug-in MI with Miller-Madow bias correction",
    "corpora_included": [
      "quran",
      "poetry_jahili",
      "poetry_islami",
      "poetry_abbasi",
      "ksucca",
      "arabic_bible",
      "hindawi"
    ],
    "corpora_excluded": [
      "hadith_bukhari (quarantined)",
      "iliad_greek (different alphabet)"
    ]
  },
  "fits": {
    "quran": {
      "I_of_tau": [
        0.3695935146474225,
        0.1512978893866996,
        0.03593389156025281,
        0.007169701320356263,
        0.000916348415539588,
        0.0006629109652965242,
        0.0,
        0.000889081663040147,
        0.00102056375914541
      ],
      "tau_grid": [
        1,
        2,
        4,
        8,
        16,
        32,
        64,
        128,
        256
      ],
      "power_law": {
        "alpha": 1.1580839749847374,
        "A": 0.14784276367276047,
        "R2": 0.7860262672016602,
        "residual_rms": 1.1031351245508805,
        "n_points": 8
      },
      "exponential": {
        "xi": 67.32587533111493,
        "B": 0.01670750550564685,
        "R2": 0.28273768333271876,
        "residual_rms": 2.0197028987619388,
        "n_points": 8
      },
      "AIC_power_law": 5.57049982656844,
      "AIC_exponential": 15.247206732399896,
      "delta_AIC_exp_minus_pl": 9.676706905831455,
      "winner": "power_law"
    },
    "poetry_jahili": {
      "I_of_tau": [
        0.24148454616165033,
        0.0562218305828174,
        0.0095563361129815,
        0.0005615556704282043,
        0.0,
        0.001098891467791201,
        0.0,
        0.000628920081081211,
        0.0009506349700447499
      ],
      "tau_grid": [
        1,
        2,
        4,
        8,
        16,
        32,
        64,
        128,
        256
      ],
      "power_law": {
        "alpha": 0.9472381750460048,
        "A": 0.053418947780751846,
        "R2": 0.6748922907458941,
        "residual_rms": 1.2823272656985782,
        "n_points": 7
      },
      "exponential": {
        "xi": 79.02592131528709,
        "B": 0.01016129755336358,
        "R2": 0.25549187484731306,
        "residual_rms": 1.9405282230506564,
        "n_points": 7
      },
      "AIC_power_law": 7.481472447274107,
      "AIC_exponential": 13.281443023115264,
      "delta_AIC_exp_minus_pl": 5.799970575841157,
      "winner": "power_law"
    },
    "poetry_islami": {
      "I_of_tau": [
        0.23783701983467828,
        0.05474628313876851,
        0.009500211169926474,
        0.0007260802682401302,
        0.0003617862551004644,
        0.0,
        0.00045573475264188736,
        0.0005113034924349256,
        0.0
      ],
      "tau_grid": [
        1,
        2,
        4,
        8,
        16,
        32,
        64,
        128,
        256
      ],
      "power_law": {
        "alpha": 1.290932929363884,
        "A": 0.06776892646621066,
        "R2": 0.7546343940757949,
        "residual_rms": 1.210944352791754,
        "n_points": 7
      },
      "exponential": {
        "xi": 32.88982340368422,
        "B": 0.009436895249803255,
        "R2": 0.30310898162211763,
        "residual_rms": 2.0407968587387035,
        "n_points": 7
      },
      "AIC_power_law": 6.679607168885626,
      "AIC_exponential": 13.98676488059503,
      "delta_AIC_exp_minus_pl": 7.307157711709404,
      "winner": "power_law"
    },
    "poetry_abbasi": {
      "I_of_tau": [
        0.26273344384588354,
        0.06543002446858373,
        0.01421051930209197,
        0.0014834130621908942,
        0.00014824331931005512,
        0.0012935541649474747,
        0.00038165910742118773,
        0.0,
        0.0008839844512473858
      ],
      "tau_grid": [
        1,
        2,
        4,
        8,
        16,
        32,
        64,
        128,
        256
      ],
      "power_law": {
        "alpha": 1.125771866001383,
        "A": 0.05952998856312137,
        "R2": 0.6364856690890985,
        "residual_rms": 1.472443931738687,
        "n_points": 8
      },
      "exponential": {
        "xi": 92.4597186028555,
        "B": 0.005903780845261469,
        "R2": 0.1291031839518505,
        "residual_rms": 2.279089338606126,
        "n_points": 8
      },
      "AIC_power_law": 10.190776942415372,
      "AIC_exponential": 17.18041520460359,
      "delta_AIC_exp_minus_pl": 6.989638262188219,
      "winner": "power_law"
    },
    "ksucca": {
      "I_of_tau": [
        0.36832643458368536,
        0.1658710217161428,
        0.04065499463595042,
        0.014483455699396998,
        0.0075213247710592505,
        0.0031636761838446954,
        0.0004263388668305033,
        0.0005606725847643879,
        0.0008662827958395378
      ],
      "tau_grid": [
        1,
        2,
        4,
        8,
        16,
        32,
        64,
        128,
        256
      ],
      "power_law": {
        "alpha": 1.248318265779513,
        "A": 0.2628064738576002,
        "R2": 0.9298318501736095,
        "residual_rms": 0.613723792825989,
        "n_points": 9
      },
      "exponential": {
        "xi": 52.00789742314442,
        "B": 0.024583102442799442,
        "R2": 0.44666765815831777,
        "residual_rms": 1.7234392332618336,
        "n_points": 9
      },
      "AIC_power_law": -4.78778541556885,
      "AIC_exponential": 13.797793274794753,
      "delta_AIC_exp_minus_pl": 18.585578690363604,
      "winner": "power_law"
    },
    "arabic_bible": {
      "I_of_tau": [
        0.2974721020894176,
        0.11207374275850074,
        0.026183537100408202,
        0.006986724823852607,
        0.003661617148033071,
        0.0026914945256460796,
        0.00207156215826133,
        0.0014529804148748753,
        0.001928190496344833
      ],
      "tau_grid": [
        1,
        2,
        4,
        8,
        16,
        32,
        64,
        128,
        256
      ],
      "power_law": {
        "alpha": 0.9430211073973623,
        "A": 0.12153216800911162,
        "R2": 0.8567240434191423,
        "residual_rms": 0.6901880344049923,
        "n_points": 9
      },
      "exponential": {
        "xi": 76.99080406626673,
        "B": 0.018597573376162108,
        "R2": 0.3290711057287431,
        "residual_rms": 1.4935474175073322,
        "n_points": 9
      },
      "AIC_power_law": -2.6742416879390554,
      "AIC_exponential": 11.220773933590166,
      "delta_AIC_exp_minus_pl": 13.895015621529222,
      "winner": "power_law"
    },
    "hindawi": {
      "I_of_tau": [
        0.2826576095995539,
        0.09363574731396586,
        0.009924721069693625,
        0.0013570434525807269,
        0.0005349141077405396,
        0.00044980033264690154,
        3.6714378586608434e-05,
        2.527215443421521e-05,
        0.0007010404606258031
      ],
      "tau_grid": [
        1,
        2,
        4,
        8,
        16,
        32,
        64,
        128,
        256
      ],
      "power_law": {
        "alpha": 1.4656239828175495,
        "A": 0.0909592981749222,
        "R2": 0.7585608761413354,
        "residual_rms": 1.4798271738120723,
        "n_points": 9
      },
      "exponential": {
        "xi": 57.74512018243663,
        "B": 0.004179065573355218,
        "R2": 0.21442927014533886,
        "residual_rms": 2.6693149659007656,
        "n_points": 9
      },
      "AIC_power_law": 11.054655517108973,
      "AIC_exponential": 21.672793703466933,
      "delta_AIC_exp_minus_pl": 10.61813818635796,
      "winner": "power_law"
    }
  }
}