{
  "experiment": "exp168_sonority_sequencing",
  "frozen_at": "2026-05-01",
  "verdict": "PASS_SONORITY_PRINCIPLE_QURAN_REFERENCE",
  "audit": {
    "N": 590888,
    "class_counts": {
      "1": 145723,
      "2": 70686,
      "3": 104011,
      "4": 270468
    }
  },
  "alpha_per_test": 0.0125,
  "T1_lag1_autocorr": {
    "obs": -0.45329494692640465,
    "null_mean": 9.493129289232439e-06,
    "null_std": 0.001320735556568847,
    "z": -343.22119806733934,
    "p": 0.0004997501249375312,
    "pass": true
  },
  "T2_psd_beta": {
    "obs": -0.08369208340330185,
    "null_mean": -4.4899151281079825e-05,
    "null_std": 0.004800703223668018,
    "z": -17.423944025456635,
    "p": 0.0004997501249375312,
    "pass": true
  },
  "T3_peak_power_ratio": {
    "obs": 0.00413949228004871,
    "null_mean": 0.0016686151706081073,
    "null_std": 3.99811293667551e-05,
    "z": 61.801083375477965,
    "p": 0.0004997501249375312,
    "pass": true
  },
  "T4_alternation_rate": {
    "obs": 0.8567627989784848,
    "null_mean": 0.6843628138713493,
    "null_std": 0.0005500199840367329,
    "z": 313.4431295420383,
    "p": 0.0004997501249375312,
    "pass": true
  },
  "n_pass": 4
}