{
  "experiment": "exp98_vlcv_floor",
  "hypothesis": "H32 — VL_CV floor invariant (min_q VL_CV >= 0.1962)",
  "schema_version": 1,
  "prereg_document": "experiments/exp98_vlcv_floor/PREREG.md",
  "frozen_constants": {
    "seed": 42,
    "band_a": [
      15,
      100
    ],
    "floor_nominal": 0.1962,
    "floor_exact_tol": 0.001,
    "floor_ci_width_max": 0.03,
    "ctrl_violation_min": 0.01,
    "ctrl_violation_partial": 0.05,
    "bootstrap_n": 10000
  },
  "phase06_sanity": {
    "n_phase06_rows": 68,
    "n_recomputed": 68,
    "max_abs_diff": 0.0,
    "within_tolerance": true
  },
  "quran": {
    "n": 68,
    "min": 0.26826052939404754,
    "p5": 0.3039669625429911,
    "median": 0.44092163029838055,
    "mean": 0.4823916757649948,
    "p95": 0.6981926445433613,
    "max": 1.5792413455649166,
    "std": 0.22101419288631002,
    "n_below_floor": 0,
    "bootstrap_min_ci_95": {
      "lo": 0.26826052939404754,
      "hi": 0.2978557670944846,
      "width": 0.029595237700437038,
      "n_boot": 10000
    },
    "min_surah_label": "Q:072",
    "all_vlcv_sorted": [
      0.268261,
      0.286018,
      0.286442,
      0.297856,
      0.315316,
      0.33212,
      0.336401,
      0.337888,
      0.350693,
      0.351105,
      0.356357,
      0.358093,
      0.370541,
      0.37904,
      0.380528,
      0.380559,
      0.382521,
      0.383241,
      0.389365,
      0.390423,
      0.393893,
      0.396337,
      0.403788,
      0.408143,
      0.408248,
      0.408952,
      0.411242,
      0.411366,
      0.415542,
      0.416203,
      0.418329,
      0.431051,
      0.438774,
      0.440054,
      0.441789,
      0.447016,
      0.447659,
      0.449078,
      0.450059,
      0.453254,
      0.454361,
      0.454625,
      0.455797,
      0.456599,
      0.462551,
      0.46398,
      0.467571,
      0.471318,
      0.471655,
      0.473715,
      0.483438,
      0.490327,
      0.505904,
      0.518635,
      0.521159,
      0.52848,
      0.529485,
      0.588926,
      0.590186,
      0.593378,
      0.613689,
      0.638194,
      0.686434,
      0.69107,
      0.702028,
      0.912045,
      1.574293,
      1.579241
    ]
  },
  "ctrl_pool": {
    "n": 2509,
    "min": 0.0,
    "p5": 0.0,
    "median": 0.1518772462995864,
    "mean": 0.2003480648823408,
    "p95": 0.4450095598496788,
    "max": 1.5812496250040857,
    "std": 0.16722871056200564,
    "n_below_floor": 1427,
    "violation_rate": 0.5687524910322838
  },
  "ctrl_per_corpus": {
    "poetry_jahili": {
      "n": 65,
      "min": 0.0,
      "p5": 0.0,
      "median": 0.07324658487452848,
      "mean": 0.0818127727538575,
      "p95": 0.2018748050874838,
      "max": 0.23472626340651012,
      "std": 0.06554159143473409,
      "n_below_floor": 61,
      "violation_rate": 0.9384615384615385
    },
    "poetry_islami": {
      "n": 211,
      "min": 0.0,
      "p5": 0.0,
      "median": 0.07805277144154237,
      "mean": 0.0878775894784776,
      "p95": 0.19364916731037082,
      "max": 0.23472626340651012,
      "std": 0.06105874523708992,
      "n_below_floor": 205,
      "violation_rate": 0.9715639810426541
    },
    "poetry_abbasi": {
      "n": 1167,
      "min": 0.0,
      "p5": 0.0,
      "median": 0.06842968850192395,
      "mean": 0.07790125308618637,
      "p95": 0.18918115953931874,
      "max": 0.23472626340651012,
      "std": 0.05867229748805042,
      "n_below_floor": 1126,
      "violation_rate": 0.9648671808054842
    },
    "ksucca": {
      "n": 19,
      "min": 0.4730026509946055,
      "p5": 0.602075503972177,
      "median": 1.0084768757371416,
      "mean": 0.9599341575229361,
      "p95": 1.546600055179567,
      "max": 1.5812496250040857,
      "std": 0.3003967250382247,
      "n_below_floor": 0,
      "violation_rate": 0.0
    },
    "arabic_bible": {
      "n": 977,
      "min": 0.12025356016079147,
      "p5": 0.21870510767834728,
      "median": 0.3504330070173603,
      "mean": 0.3517497227787471,
      "p95": 0.4801787231097506,
      "max": 0.9907868748280537,
      "std": 0.08197332790587299,
      "n_below_floor": 35,
      "violation_rate": 0.03582395087001024
    },
    "hindawi": {
      "n": 70,
      "min": 0.21455218493947806,
      "p5": 0.25925726945473476,
      "median": 0.37251272500848276,
      "mean": 0.3714900383068909,
      "p95": 0.49479020569323523,
      "max": 0.5264494626920748,
      "std": 0.07571385643895515,
      "n_below_floor": 0,
      "violation_rate": 0.0
    }
  },
  "discrimination": {
    "cohen_d_q_vs_ctrl_pool": 1.670425033842222,
    "youden_threshold": 0.3790403866825137,
    "youden_j": 0.6673328956931517,
    "floor_nominal_tpr_q": 1.0,
    "floor_nominal_tpr_ctrl": 0.43124750896771624
  },
  "prereg_gates": {
    "sanity_phase06_ok": true,
    "floor_not_violated": true,
    "floor_stable": true,
    "floor_specific": true,
    "floor_exact_match_nominal": false
  },
  "verdict": "PASS_floor_revised",
  "runtime_seconds": 0.73
}