{
  "experiment": "exp181_F83_max_feature",
  "finding_id": "F91",
  "seed": 20260503,
  "n_pairs": 113,
  "n_classical": 17,
  "features": [
    "d_letter",
    "d_bigram50",
    "d_trig100",
    "d_rhyme",
    "d_len_mean_log",
    "d_len_cv",
    "d_logN",
    "muqatta_both"
  ],
  "baseline_F83_d_letter": {
    "tp": 7,
    "fp": 10,
    "fn": 10,
    "precision": 0.4117647058823529,
    "recall": 0.4117647058823529,
    "f1": 0.4117647058823529,
    "hyper_p": 0.0040211268109631845,
    "K": 17,
    "N": 113,
    "K_true": 17
  },
  "per_feature_standalone": {
    "d_letter": {
      "tp": 7,
      "fp": 10,
      "fn": 10,
      "precision": 0.4117647058823529,
      "recall": 0.4117647058823529,
      "f1": 0.4117647058823529,
      "hyper_p": 0.0040211268109631845,
      "K": 17,
      "N": 113,
      "K_true": 17
    },
    "d_bigram50": {
      "tp": 6,
      "fp": 11,
      "fn": 11,
      "precision": 0.35294117647058826,
      "recall": 0.35294117647058826,
      "f1": 0.35294117647058826,
      "hyper_p": 0.02127531022816373,
      "K": 17,
      "N": 113,
      "K_true": 17
    },
    "d_trig100": {
      "tp": 5,
      "fp": 12,
      "fn": 12,
      "precision": 0.29411764705882354,
      "recall": 0.29411764705882354,
      "f1": 0.29411764705882354,
      "hyper_p": 0.08238387649741569,
      "K": 17,
      "N": 113,
      "K_true": 17
    },
    "d_rhyme": {
      "tp": 4,
      "fp": 13,
      "fn": 13,
      "precision": 0.23529411764705882,
      "recall": 0.23529411764705882,
      "f1": 0.23529411764705882,
      "hyper_p": 0.23425131929674,
      "K": 17,
      "N": 113,
      "K_true": 17
    },
    "d_len_mean_log": {
      "tp": 3,
      "fp": 14,
      "fn": 14,
      "precision": 0.17647058823529413,
      "recall": 0.17647058823529413,
      "f1": 0.17647058823529413,
      "hyper_p": 0.4914961713853914,
      "K": 17,
      "N": 113,
      "K_true": 17
    },
    "d_len_cv": {
      "tp": 2,
      "fp": 15,
      "fn": 15,
      "precision": 0.11764705882352941,
      "recall": 0.11764705882352941,
      "f1": 0.11764705882352941,
      "hyper_p": 0.772750543002317,
      "K": 17,
      "N": 113,
      "K_true": 17
    },
    "d_logN": {
      "tp": 2,
      "fp": 15,
      "fn": 15,
      "precision": 0.11764705882352941,
      "recall": 0.11764705882352941,
      "f1": 0.11764705882352941,
      "hyper_p": 0.772750543002317,
      "K": 17,
      "N": 113,
      "K_true": 17
    },
    "muqatta_both": {
      "tp": 0,
      "fp": 17,
      "fn": 17,
      "precision": 0.0,
      "recall": 0.0,
      "f1": 0.0,
      "hyper_p": 1.0000000000000002,
      "K": 17,
      "N": 113,
      "K_true": 17
    }
  },
  "combined_z_8feat": {
    "tp": 4,
    "fp": 13,
    "fn": 13,
    "precision": 0.23529411764705882,
    "recall": 0.23529411764705882,
    "f1": 0.23529411764705882,
    "hyper_p": 0.23425131929674,
    "K": 17,
    "N": 113,
    "K_true": 17
  },
  "supervised_logit_loo": {
    "auc": 0.6200980392156863,
    "tp": 5,
    "fp": 12,
    "fn": 12,
    "precision": 0.29411764705882354,
    "recall": 0.29411764705882354,
    "f1": 0.29411764705882354,
    "hyper_p": 0.08238387649741569,
    "K": 17,
    "N": 113,
    "K_true": 17
  },
  "supervised_rf_loo": {
    "auc": 0.633578431372549,
    "tp": 2,
    "fp": 15,
    "fn": 15,
    "precision": 0.11764705882352941,
    "recall": 0.11764705882352941,
    "f1": 0.11764705882352941,
    "hyper_p": 0.772750543002317,
    "K": 17,
    "N": 113,
    "K_true": 17
  },
  "classical_pair_predicted_indices_logit": [
    111,
    101,
    103,
    89,
    93,
    107,
    102,
    108,
    112,
    99,
    100,
    90,
    110,
    54,
    106,
    0,
    53
  ],
  "classical_pair_predicted_indices_rf": [
    79,
    105,
    111,
    100,
    99,
    85,
    103,
    89,
    110,
    53,
    77,
    101,
    2,
    106,
    54,
    75,
    107
  ],
  "truth_pair_slots": [
    1,
    7,
    54,
    66,
    72,
    74,
    76,
    80,
    82,
    86,
    90,
    92,
    98,
    102,
    104,
    110,
    112
  ],
  "best_tp": 7,
  "best_method": "F83_baseline",
  "improvement_over_F83_TP": 0,
  "verdict": "NO_IMPROVEMENT_OVER_F83"
}