{
  "n_surah_used": 109,
  "F75_per_surah": {
    "mean": 5.403485448558499,
    "std": 0.37949383934094066,
    "cv_pct": 7.023130587724246,
    "min": 4.807354922057604,
    "max": 6.402467159829988
  },
  "F75_per_juz": {
    "mean": 5.63157214635673,
    "std": 0.3876137736888328,
    "cv_pct": 6.882869714092083,
    "n_segments": 30
  },
  "H_EL_per_surah": {
    "mean": 1.3911064164775042,
    "below_1bit_count": 47,
    "total": 109
  },
  "F67_per_surah": {
    "mean": 0.7106295584512212,
    "std": 0.2047976127227034,
    "cv_pct": 28.819180160342434,
    "above_runner_up_count": 78,
    "total": 109
  },
  "block_centroids": {
    "tiw\u0101l": [
      -0.0024730731177147643,
      0.00017054606741734226,
      -0.0014519497259870484,
      -0.0003887581730445711,
      -0.0005806716975912039,
      -5.201315190145393e-05,
      -0.0007418551414616444,
      -0.0004004056152326868,
      0.0005849574523800966,
      -0.000144058670287198,
      -0.0006042060696012365,
      -0.0006410537602463933,
      0.0004206210527682644,
      0.00048640515336824354,
      -0.0004382985978638159,
      0.0003119360538517179,
      -7.155560399021532e-05,
      -0.0006123158727149407,
      0.00023788223477584522,
      3.665607523338282e-05,
      0.0004379388553830809,
      0.0013947706794590455,
      -0.0016680959394339695,
      0.0026170634767562727,
      0.001123909061845025,
      -0.0004814356498236364,
      0.004684993816218688,
      -0.0017579331925427315
    ],
    "mi\u02be\u012bn": [
      0.0022126196096058943,
      -0.0008989634259448382,
      0.0007323908957439908,
      0.0003519138101323021,
      0.0005283378222589259,
      -0.0007344406354681777,
      0.0005801111714983955,
      0.00015993711513950893,
      -0.00021833600386021916,
      0.0007272932665032005,
      0.00044141329333380704,
      0.0005147915257660591,
      -0.0003944458984066491,
      -0.0006001101128326584,
      0.00041373481295525896,
      -0.00025457940654923254,
      -3.1473043600929435e-05,
      0.00039412817808775525,
      -0.00010500196810357287,
      -0.0001201968197009096,
      -0.00027788985564605663,
      -0.0003194456439639485,
      0.0015505787634043987,
      -0.0022826586369186675,
      -0.0014948174658797335,
      -6.909195558435793e-05,
      -0.002624370695334728,
      0.0018185713033789714
    ],
    "math\u0101n\u012b": [
      3.666497648493234e-06,
      -0.00016146288853827753,
      0.0005490519273460925,
      -9.164314517200033e-05,
      -0.0014084448574988137,
      0.00017958180041384057,
      1.5543515141005987e-05,
      -0.0007386499066720741,
      -0.00018084062528857782,
      -0.0032769038836793045,
      0.0003969029745464237,
      -0.00047838963634410855,
      -0.0006882484020148998,
      -9.535682711037838e-05,
      0.00045455793499792237,
      -0.0003878269329272927,
      1.7881706103660324e-05,
      0.0017174425759751949,
      1.2189404708447744e-05,
      -0.0010725669531858172,
      -0.00029833474156620653,
      -0.0017724395088606697,
      0.0016050218625370855,
      0.00438738083866659,
      0.00011684695414624992,
      0.0015486849305252352,
      -0.0012431951497701898,
      0.0008895505358835343
    ],
    "mufa\u1e63\u1e63al": [
      -0.0007895775926933359,
      0.000568072037156856,
      -0.00016196174795768254,
      1.573018600931246e-05,
      0.0003053966693386513,
      0.0001872221624424642,
      -4.375047788785257e-05,
      0.00011245934503895229,
      0.00021201079892770245,
      0.0004867556479833682,
      -0.00013216672891564442,
      0.00010890680397716909,
      0.0003772176209500373,
      0.00015131217865773077,
      -0.0003702877099179627,
      1.7124231552401118e-05,
      3.241246483845609e-05,
      -0.0006777196239151131,
      -0.0001443048839159405,
      0.0007170746308864315,
      0.0002750819162197303,
      0.00043225570346981174,
      -0.001058070830750245,
      -0.0006926903553447629,
      0.00025923757091830097,
      -0.00017371745856123983,
      0.0012318065246405068,
      -0.0012458290831420897
    ]
  },
  "block_spreads": {
    "tiw\u0101l": 0.01538393079451722,
    "mi\u02be\u012bn": 0.02601678268571458,
    "math\u0101n\u012b": 0.0266724345734188,
    "mufa\u1e63\u1e63al": 0.06391466156150773
  }
}