{
  "blocks": {
    "tiwāl": [
      2,
      3,
      4,
      5,
      6,
      7,
      8,
      9
    ],
    "miʾīn": [
      10,
      11,
      12,
      13,
      14,
      15,
      16,
      17,
      18,
      19,
      20,
      21,
      22,
      23,
      24,
      25,
      26,
      27,
      28,
      29,
      30,
      31,
      32,
      33,
      34,
      35
    ],
    "mathānī": [
      36,
      37,
      38,
      39,
      40,
      41,
      42,
      43,
      44,
      45,
      46,
      47,
      48,
      49
    ],
    "mufaṣṣal": [
      50,
      51,
      52,
      53,
      54,
      55,
      56,
      57,
      58,
      59,
      60,
      61,
      62,
      63,
      64,
      65,
      66,
      67,
      68,
      69,
      70,
      71,
      72,
      73,
      74,
      75,
      76,
      77,
      78,
      79,
      80,
      81,
      82,
      83,
      84,
      85,
      86,
      87,
      88,
      89,
      90,
      91,
      92,
      93,
      94,
      95,
      96,
      97,
      98,
      99,
      100,
      101,
      102,
      103,
      104,
      105,
      106,
      107,
      108,
      109,
      110,
      111,
      112,
      113,
      114
    ]
  },
  "within_count": 109,
  "between_count": 4,
  "mean_within_d": 0.06774550947378415,
  "mean_between_d": 0.05214997305608407,
  "within_between_ratio": 1.2990516677914299,
  "p_ratio_random_perm": 0.44755524447555245,
  "per_block": {
    "tiwāl": {
      "size": 8,
      "L_mushaf": 0.15917930836241723,
      "null_mean": 0.16247751880661399,
      "null_std": 0.007786486119682089,
      "z": -0.4235813682194581,
      "p": 0.33933213357328534
    },
    "miʾīn": {
      "size": 26,
      "L_mushaf": 0.9711972266843215,
      "null_mean": 0.9418050877769547,
      "null_std": 0.03391046554429708,
      "z": 0.8667571628874275,
      "p": 0.8020395920815837
    },
    "mathānī": {
      "size": 14,
      "L_mushaf": 0.46868811336997945,
      "null_mean": 0.512731266833289,
      "null_std": 0.022125104690617042,
      "z": -1.990641584714743,
      "p": 0.023595280943811237
    },
    "mufaṣṣal": {
      "size": 65,
      "L_mushaf": 5.785195884225755,
      "null_mean": 6.0481813963599524,
      "null_std": 0.10410631413854496,
      "z": -2.526124513295283,
      "p": 0.009598080383923215
    }
  },
  "constrained_null": {
    "L_mushaf": 7.59286042486681,
    "null_mean": 7.8859089894161505,
    "null_std": 0.11299452508071156,
    "z": -2.593475784247218,
    "p": 0.005398920215956809,
    "below": 26,
    "total": 5000
  }
}