{
  "A_letter_unigram": {
    "name": "A_letter_unigram",
    "classical_mean": 0.09688435939699536,
    "all_mean": 0.0671934550873169,
    "ratio": 1.4418719690942452,
    "mean_percentile": 67.62103071317021,
    "bottom_half_count": 4,
    "bottom_decile_count": 2,
    "bottom_quintile_count": 2,
    "p_N2_lower_tail": 0.9985000749962502,
    "p_N2_upper_tail": 0.0015499225038748063,
    "per_pair_percentiles": [
      0.8849557522123894,
      3.5398230088495577,
      84.070796460177,
      44.24778761061947,
      42.47787610619469,
      68.14159292035397,
      85.84070796460178,
      70.79646017699115,
      54.86725663716814,
      61.94690265486725,
      92.03539823008849,
      89.38053097345133,
      77.87610619469027,
      98.23008849557522,
      84.95575221238938,
      97.34513274336283,
      92.92035398230088
    ],
    "per_pair_d": [
      0.015578827778048417,
      0.023047822557034105,
      0.10782210330250115,
      0.050151448329275455,
      0.04820965140896466,
      0.07774596012965813,
      0.11504349794238042,
      0.0792736069714732,
      0.05788458254133349,
      0.06977084341771363,
      0.146123382001884,
      0.1389348508938962,
      0.09089394825909534,
      0.18966802158312956,
      0.11267227557845733,
      0.177191479481999,
      0.14702180757207714
    ]
  },
  "B_verse_final_rhyme": {
    "name": "B_verse_final_rhyme",
    "classical_mean": 0.7510501233284536,
    "all_mean": 0.6690291885722426,
    "ratio": 1.1225969451814946,
    "mean_percentile": 57.00156168662155,
    "bottom_half_count": 7,
    "bottom_decile_count": 1,
    "bottom_quintile_count": 2,
    "p_N2_lower_tail": 0.8329083545822709,
    "p_N2_upper_tail": 0.1671416429178541,
    "per_pair_percentiles": [
      13.274336283185843,
      9.734513274336283,
      33.6283185840708,
      71.68141592920354,
      81.41592920353983,
      76.10619469026548,
      60.17699115044248,
      22.123893805309734,
      46.017699115044245,
      28.31858407079646,
      83.1858407079646,
      50.442477876106196,
      35.39823008849557,
      86.72566371681415,
      92.03539823008849,
      87.61061946902655,
      91.1504424778761
    ],
    "per_pair_d": [
      0.14315908140587003,
      0.11042076359731146,
      0.46916955360925416,
      0.9162752763559419,
      1.044810826248484,
      1.0233509772814422,
      0.8394092758717748,
      0.3394054292625898,
      0.643713584491906,
      0.4151960762829014,
      1.0574621754703633,
      0.7263777646239733,
      0.47592865080591273,
      1.102471584056695,
      1.1739308910741488,
      1.1210646098170183,
      1.1657055763281245
    ]
  },
  "C_verse_length_hist": {
    "name": "C_verse_length_hist",
    "classical_mean": 0.3458639132010409,
    "all_mean": 0.3549870582677856,
    "ratio": 0.9743000629057789,
    "mean_percentile": 49.45340968245705,
    "bottom_half_count": 8,
    "bottom_decile_count": 3,
    "bottom_quintile_count": 4,
    "p_N2_lower_tail": 0.4378281085945703,
    "p_N2_upper_tail": 0.5622218889055547,
    "per_pair_percentiles": [
      40.707964601769916,
      9.734513274336283,
      66.3716814159292,
      85.84070796460178,
      91.1504424778761,
      86.72566371681415,
      35.39823008849557,
      18.58407079646018,
      59.29203539823009,
      0.0,
      46.017699115044245,
      4.424778761061947,
      55.75221238938053,
      76.10619469026548,
      82.30088495575221,
      58.4070796460177,
      23.893805309734514
    ],
    "per_pair_d": [
      0.2651302995811979,
      0.102821738171963,
      0.4169361227564308,
      0.6486462832958172,
      0.6883852457515571,
      0.6561004386225809,
      0.2277233610511163,
      0.15061220718243734,
      0.3578651121910887,
      0.036308694218649476,
      0.27510686548867175,
      0.06830181465022497,
      0.34878062008232924,
      0.518770903861833,
      0.5893923376825079,
      0.35500098347045966,
      0.17380349635882913
    ]
  },
  "D_bigram_top50": {
    "name": "D_bigram_top50",
    "classical_mean": 0.06764149830093101,
    "all_mean": 0.04847371194462833,
    "ratio": 1.395426419544641,
    "mean_percentile": 68.19364914107234,
    "bottom_half_count": 3,
    "bottom_decile_count": 2,
    "bottom_quintile_count": 2,
    "p_N2_lower_tail": 0.9982000899955003,
    "p_N2_upper_tail": 0.0018499075046247689,
    "per_pair_percentiles": [
      1.7699115044247788,
      0.8849557522123894,
      78.76106194690266,
      57.52212389380531,
      36.283185840707965,
      69.91150442477876,
      75.22123893805309,
      66.3716814159292,
      63.716814159292035,
      72.56637168141593,
      89.38053097345133,
      77.87610619469027,
      85.84070796460178,
      96.46017699115043,
      92.92035398230088,
      95.57522123893806,
      98.23008849557522
    ],
    "per_pair_d": [
      0.015411105729083963,
      0.01499097219570501,
      0.07355093905804955,
      0.04496462638251811,
      0.033770016559818095,
      0.057917164802900746,
      0.06266820126182865,
      0.05401676355139787,
      0.0509362654847886,
      0.06063889000251798,
      0.08871887386824508,
      0.0728969561534409,
      0.08575787614030449,
      0.10850583904966397,
      0.09929572830243236,
      0.10452544907391349,
      0.12133980349921847
    ]
  },
  "B_rhyme_RAW": {
    "name": "B_rhyme_RAW",
    "classical_mean": 0.7549298926813575,
    "all_mean": 0.6773928835183325,
    "ratio": 1.1144638673502194,
    "mean_percentile": 56.116605934409165,
    "bottom_half_count": 8,
    "bottom_decile_count": 0,
    "bottom_quintile_count": 2,
    "p_N2_lower_tail": 0.8119094045297736,
    "p_N2_upper_tail": 0.1881405929703515,
    "per_pair_percentiles": [
      10.619469026548673,
      15.04424778761062,
      23.008849557522122,
      66.3716814159292,
      77.87610619469027,
      83.1858407079646,
      59.29203539823009,
      22.123893805309734,
      46.902654867256636,
      29.20353982300885,
      78.76106194690266,
      47.78761061946903,
      38.05309734513274,
      87.61061946902655,
      91.1504424778761,
      86.72566371681415,
      90.2654867256637
    ],
    "per_pair_d": [
      0.09991358924911765,
      0.18914067849683694,
      0.32687004660394303,
      0.9141520107459271,
      1.0532747766381005,
      1.0868532559642081,
      0.842525963991615,
      0.32426005182601025,
      0.696993543729065,
      0.4193264991760118,
      1.0540925533894596,
      0.7063759212690933,
      0.5059052111261833,
      1.1439589045541112,
      1.1726039399558574,
      1.1313708498984762,
      1.1661903789690602
    ]
  },
  "C_VL_RAW": {
    "name": "C_VL_RAW",
    "classical_mean": 0.3437255914917826,
    "all_mean": 0.3642901336195125,
    "ratio": 0.9435490005633564,
    "mean_percentile": 46.694429984383135,
    "bottom_half_count": 8,
    "bottom_decile_count": 3,
    "bottom_quintile_count": 4,
    "p_N2_lower_tail": 0.37563121843907804,
    "p_N2_upper_tail": 0.6244187790610469,
    "per_pair_percentiles": [
      7.079646017699115,
      24.778761061946902,
      22.123893805309734,
      82.30088495575221,
      81.41592920353983,
      93.80530973451327,
      35.39823008849557,
      19.469026548672566,
      69.02654867256636,
      0.8849557522123894,
      50.442477876106196,
      6.1946902654867255,
      52.21238938053098,
      78.76106194690266,
      79.64601769911505,
      64.60176991150442,
      25.663716814159294
    ],
    "per_pair_d": [
      0.0890500751729469,
      0.16578508506322667,
      0.15382528571076137,
      0.661466404344367,
      0.6492931792750185,
      0.8427839933941151,
      0.2143595111022602,
      0.13718875636271693,
      0.44392469609435914,
      0.03787102618192251,
      0.27536823418668493,
      0.08350533214033566,
      0.300223745764157,
      0.6085806194501846,
      0.6164414002968976,
      0.39370039370059057,
      0.16996731711975946
    ]
  }
}