{
  "per_observable": {
    "A_letter_unigram": {
      "L_obs": 7.59286042486681,
      "null_mean": 8.162018899056548,
      "null_std": 0.11044001868761895,
      "z": -5.153552860214649,
      "p": 0.0001999600079984003,
      "below": 0,
      "total": 5000
    },
    "B_verse_final_rhyme": {
      "L_obs": 75.60029830866341,
      "null_mean": 82.41643868943726,
      "null_std": 2.4929650110309933,
      "z": -2.73415003845359,
      "p": 0.004999000199960008,
      "below": 24,
      "total": 5000
    },
    "C_verse_length_hist": {
      "L_obs": 40.113537584259774,
      "null_mean": 45.969274959247244,
      "null_std": 1.3674460315944885,
      "z": -4.282243861689723,
      "p": 0.0001999600079984003,
      "below": 0,
      "total": 5000
    },
    "D_letter_bigram_top50": {
      "L_obs": 5.477529449743002,
      "null_mean": 5.813488352429635,
      "null_std": 0.061364508881090074,
      "z": -5.474807976344154,
      "p": 0.0001999600079984003,
      "below": 0,
      "total": 5000
    }
  },
  "Z_stouffer_independence": -8.82237736835106,
  "Z_stouffer_brown": -6.805944226156979,
  "K_eff_brown": 2.3804852903567726,
  "Fisher_chi2": 61.701393721614835,
  "Fisher_df": 8,
  "joint_empirical_p": 0.0001999600079984003,
  "joint_empirical_z": -6.805944226156984,
  "null_zscore_correlations": [
    [
      1.0,
      0.21417689005654547,
      0.08039313843139827,
      0.6561745133632702
    ],
    [
      0.21417689005654547,
      1.0,
      0.007417774515758006,
      0.25832403266581616
    ],
    [
      0.08039313843139827,
      0.007417774515758006,
      1.0,
      0.14417293855348723
    ],
    [
      0.6561745133632702,
      0.25832403266581616,
      0.14417293855348723,
      1.0
    ]
  ]
}