{
  "experiment": "exp74_eigenvalue_spectrum",
  "hypothesis": "H4 — Does the 5-D covariance eigenvalue spectrum follow a power law?",
  "schema_version": 1,
  "control_spectrum": {
    "eigenvalues": [
      0.274387,
      0.059369,
      0.024598,
      0.00446,
      0.001583
    ],
    "variance_explained_pct": [
      75.3,
      16.29,
      6.75,
      1.22,
      0.43
    ],
    "eigenvectors": [
      [
        -0.05502452479562884,
        -0.1288446695536563,
        -0.031566675152114886,
        0.9894323090625871,
        -0.019965059517622993
      ],
      [
        -0.11633134169465353,
        -0.028956534479857687,
        -0.9917641919437934,
        -0.041527237330816036,
        0.01754463417067968
      ],
      [
        -0.005491247632188655,
        0.0061743800939671085,
        -0.016374321274536793,
        -0.020194538845070786,
        -0.9996278234590767
      ],
      [
        -0.49130134105454526,
        0.8661838778865285,
        0.028819166250163168,
        0.0865098689187107,
        0.005829254135329321
      ],
      [
        -0.8614128853737817,
        -0.48192108997058547,
        0.11961885243287929,
        -0.10680551260702562,
        0.001953605121347561
      ]
    ],
    "power_law_fit": {
      "alpha": 3.134,
      "intercept": -0.9358,
      "R2": 0.946347,
      "p_value": 0.005361902672952841,
      "std_err": 0.4308,
      "residuals": [
        -0.3574,
        0.2842,
        0.6738,
        -0.132,
        -0.4687
      ]
    },
    "d_eff": 1.6715
  },
  "marchenko_pastur": {
    "mean_variance": 0.072879,
    "mp_lower": 0.066518,
    "mp_upper": 0.079531,
    "n_above_upper": 1,
    "n_below_lower": 4
  },
  "quran_eigenmode_phi": {
    "delta": [
      0.596631,
      0.282044,
      0.058257,
      0.041925,
      1.962538
    ],
    "projections": [
      -1.777113,
      -0.994154,
      -0.063543,
      0.371454,
      -0.06112
    ],
    "mah_sq_per_mode": [
      11.509784,
      16.647527,
      0.164153,
      30.935432,
      2.360129
    ],
    "total_phi_m": 7.8497
  },
  "quran_internal_spectrum": {
    "eigenvalues": [
      1.186526,
      0.081647,
      0.049356,
      0.015143,
      0.002533
    ],
    "power_law_fit": {
      "alpha": 3.479,
      "intercept": 0.2288,
      "R2": 0.95219,
      "p_value": 0.004502098284615327,
      "std_err": 0.4501,
      "residuals": [
        -0.0578,
        -0.3227,
        0.5845,
        0.4038,
        -0.6079
      ]
    },
    "d_eff": 1.258
  },
  "bootstrap": {
    "n_boot": 10000,
    "alpha_median": 3.1429,
    "alpha_ci": [
      3.0236,
      3.2375
    ],
    "deff_median": 1.6706,
    "deff_ci": [
      1.6265,
      1.7185
    ]
  },
  "verdict": "SUGGESTIVE",
  "runtime_seconds": 8.56
}