{
  "experiment": "expP8_T_pos_cross_tradition",
  "schema_version": 1,
  "prereg_document": "experiments/expP8_T_pos_cross_tradition/PREREG.md",
  "prereg_hash": "953ffa5456f3e93e14a5036f34c3c914a0a19050a68cece1f67740e6f8ca204f",
  "frozen_constants": {
    "seed": 42,
    "n_bootstrap": 5000,
    "band_a_lo": 15,
    "band_a_hi": 100,
    "min_verses": 2,
    "oral_liturgical": [
      "avestan_yasna",
      "pali_dn",
      "pali_mn",
      "quran",
      "rigveda"
    ],
    "narrative_or_mixed": [
      "greek_nt",
      "hebrew_tanakh",
      "iliad_greek"
    ],
    "arabic_ctrl": [
      "poetry_jahili",
      "poetry_islami",
      "poetry_abbasi",
      "ksucca",
      "arabic_bible",
      "hindawi"
    ]
  },
  "feature_definitions": {
    "T_lang": "h_cond_initials(verses) - h_el(verses)  (language-agnostic; src/features.py:200-235)",
    "T_canon": "h_cond_roots(verses) - h_el(verses)  (Arabic-only via CamelTools; src/features.py:139-178)"
  },
  "per_corpus_T_lang": {
    "quran": {
      "n_units": 114,
      "tradition_class": "oral_liturgical",
      "all_units": {
        "scope": "all_units",
        "n": 114,
        "n_pos": 102,
        "pct": 0.8947368421052632,
        "mean_t": 1.5922850051452389,
        "median_t": 1.5626946630221172
      },
      "band_a": {
        "scope": "band_a",
        "n": 68,
        "n_pos": 63,
        "pct": 0.9264705882352942,
        "mean_t": 1.6289088579223068,
        "median_t": 1.6425426624410724
      },
      "all_units_bootstrap": {
        "median": 0.8947368421052632,
        "ci_lo": 0.8333333333333334,
        "ci_hi": 0.9473684210526315,
        "n_used": 114
      },
      "band_a_bootstrap": {
        "median": 0.9264705882352942,
        "ci_lo": 0.867279411764706,
        "ci_hi": 0.9852941176470589,
        "n_used": 68
      }
    },
    "hebrew_tanakh": {
      "n_units": 921,
      "tradition_class": "narrative_or_mixed",
      "all_units": {
        "scope": "all_units",
        "n": 921,
        "n_pos": 296,
        "pct": 0.32138979370249726,
        "mean_t": -0.1266560963112587,
        "median_t": -0.13264871811533796
      },
      "band_a": {
        "scope": "band_a",
        "n": 775,
        "n_pos": 257,
        "pct": 0.33161290322580644,
        "mean_t": -0.11595632452067188,
        "median_t": -0.11536762559597857
      },
      "all_units_bootstrap": {
        "median": 0.32138979370249726,
        "ci_lo": 0.2920738327904452,
        "ci_hi": 0.3517915309446254,
        "n_used": 921
      },
      "band_a_bootstrap": {
        "median": 0.33161290322580644,
        "ci_lo": 0.29935483870967744,
        "ci_hi": 0.3638709677419355,
        "n_used": 775
      }
    },
    "greek_nt": {
      "n_units": 260,
      "tradition_class": "narrative_or_mixed",
      "all_units": {
        "scope": "all_units",
        "n": 260,
        "n_pos": 258,
        "pct": 0.9923076923076923,
        "mean_t": 0.7188882378436965,
        "median_t": 0.7321804150011562
      },
      "band_a": {
        "scope": "band_a",
        "n": 241,
        "n_pos": 239,
        "pct": 0.991701244813278,
        "mean_t": 0.7222991879880499,
        "median_t": 0.7388572363122807
      },
      "all_units_bootstrap": {
        "median": 0.9923076923076923,
        "ci_lo": 0.9807692307692307,
        "ci_hi": 1.0,
        "n_used": 260
      },
      "band_a_bootstrap": {
        "median": 0.991701244813278,
        "ci_lo": 0.979253112033195,
        "ci_hi": 1.0,
        "n_used": 241
      }
    },
    "iliad_greek": {
      "n_units": 24,
      "tradition_class": "narrative_or_mixed",
      "all_units": {
        "scope": "all_units",
        "n": 24,
        "n_pos": 24,
        "pct": 1.0,
        "mean_t": 1.1610547976776704,
        "median_t": 1.1468858426226858
      },
      "band_a": {
        "scope": "band_a",
        "n": 0,
        "n_pos": 0,
        "pct": NaN,
        "mean_t": NaN,
        "median_t": NaN
      },
      "all_units_bootstrap": {
        "median": 1.0,
        "ci_lo": 1.0,
        "ci_hi": 1.0,
        "n_used": 24
      },
      "band_a_bootstrap": {
        "median": null,
        "ci_lo": null,
        "ci_hi": null,
        "n_used": 0
      }
    },
    "pali_dn": {
      "n_units": 34,
      "tradition_class": "oral_liturgical",
      "all_units": {
        "scope": "all_units",
        "n": 34,
        "n_pos": 33,
        "pct": 0.9705882352941176,
        "mean_t": 1.3519887115460196,
        "median_t": 1.4229451132067195
      },
      "band_a": {
        "scope": "band_a",
        "n": 1,
        "n_pos": 0,
        "pct": 0.0,
        "mean_t": -0.03523279228191556,
        "median_t": -0.03523279228191556
      },
      "all_units_bootstrap": {
        "median": 0.9705882352941176,
        "ci_lo": 0.9117647058823529,
        "ci_hi": 1.0,
        "n_used": 34
      },
      "band_a_bootstrap": {
        "median": 0.0,
        "ci_lo": 0.0,
        "ci_hi": 0.0,
        "n_used": 1
      }
    },
    "pali_mn": {
      "n_units": 152,
      "tradition_class": "oral_liturgical",
      "all_units": {
        "scope": "all_units",
        "n": 152,
        "n_pos": 152,
        "pct": 1.0,
        "mean_t": 1.1826972508074138,
        "median_t": 1.1961888879480038
      },
      "band_a": {
        "scope": "band_a",
        "n": 33,
        "n_pos": 33,
        "pct": 1.0,
        "mean_t": 0.992342652214057,
        "median_t": 0.9960065143397809
      },
      "all_units_bootstrap": {
        "median": 1.0,
        "ci_lo": 1.0,
        "ci_hi": 1.0,
        "n_used": 152
      },
      "band_a_bootstrap": {
        "median": 1.0,
        "ci_lo": 1.0,
        "ci_hi": 1.0,
        "n_used": 33
      }
    },
    "rigveda": {
      "n_units": 1024,
      "tradition_class": "oral_liturgical",
      "all_units": {
        "scope": "all_units",
        "n": 1024,
        "n_pos": 124,
        "pct": 0.12109375,
        "mean_t": -0.4468234625073081,
        "median_t": -0.4559964180863756
      },
      "band_a": {
        "scope": "band_a",
        "n": 535,
        "n_pos": 79,
        "pct": 0.14766355140186915,
        "mean_t": -0.35006893138344464,
        "median_t": -0.3622126348033188
      },
      "all_units_bootstrap": {
        "median": 0.12109375,
        "ci_lo": 0.1015625,
        "ci_hi": 0.140625,
        "n_used": 1024
      },
      "band_a_bootstrap": {
        "median": 0.14766355140186915,
        "ci_lo": 0.11775700934579439,
        "ci_hi": 0.17943925233644858,
        "n_used": 535
      }
    },
    "avestan_yasna": {
      "n_units": 72,
      "tradition_class": "oral_liturgical",
      "all_units": {
        "scope": "all_units",
        "n": 72,
        "n_pos": 35,
        "pct": 0.4861111111111111,
        "mean_t": -0.032148782469621454,
        "median_t": -0.009957431281428342
      },
      "band_a": {
        "scope": "band_a",
        "n": 51,
        "n_pos": 23,
        "pct": 0.45098039215686275,
        "mean_t": -0.056051949622766474,
        "median_t": -0.10498292016236155
      },
      "all_units_bootstrap": {
        "median": 0.4861111111111111,
        "ci_lo": 0.375,
        "ci_hi": 0.5972222222222222,
        "n_used": 72
      },
      "band_a_bootstrap": {
        "median": 0.45098039215686275,
        "ci_lo": 0.3137254901960784,
        "ci_hi": 0.5882352941176471,
        "n_used": 51
      }
    },
    "poetry_jahili": {
      "n_units": 133,
      "tradition_class": "arabic_ctrl",
      "all_units": {
        "scope": "all_units",
        "n": 133,
        "n_pos": 3,
        "pct": 0.022556390977443608,
        "mean_t": -0.6920823909119629,
        "median_t": -0.6956155577300014
      },
      "band_a": {
        "scope": "band_a",
        "n": 65,
        "n_pos": 0,
        "pct": 0.0,
        "mean_t": -0.6302880386944462,
        "median_t": -0.6463670767141902
      },
      "all_units_bootstrap": {
        "median": 0.022556390977443608,