{
  "experiment": "exp80_mi_decay",
  "hypothesis": "H9 — Is the MI decay rate tau a corpus-distinctive invariant?",
  "schema_version": 1,
  "per_corpus": {
    "quran": {
      "n_verses": 6236,
      "n_units": 114,
      "global": {
        "I0": 0.000822,
        "tau": 18.9969,
        "R2": 0.7029,
        "mi_curve": {
          "1": 0.00099,
          "2": 0.0009,
          "3": 0.000597,
          "4": 0.000641,
          "5": 0.000498,
          "6": 0.000533,
          "7": 0.000426,
          "8": 0.000475,
          "9": 0.000436,
          "10": 0.00048,
          "11": 0.000421,
          "12": 0.000447,
          "13": 0.000391,
          "14": 0.000414,
          "15": 0.00037,
          "16": 0.000404,
          "17": 0.00037,
          "18": 0.000417,
          "19": 0.000409,
          "20": 0.000341
        },
        "overlap_curve": {
          "1": 0.037036,
          "2": 0.035305,
          "3": 0.028768,
          "4": 0.029797,
          "5": 0.026274,
          "6": 0.027185,
          "7": 0.0243,
          "8": 0.025651,
          "9": 0.024572,
          "10": 0.025787,
          "11": 0.024158,
          "12": 0.024881,
          "13": 0.023277,
          "14": 0.023941,
          "15": 0.022655,
          "16": 0.023654,
          "17": 0.02266,
          "18": 0.024031,
          "19": 0.02382,
          "20": 0.021738
        }
      },
      "per_unit": {
        "n": 85,
        "mean": 31.6292,
        "std": 31.4538,
        "median": 21.0804
      }
    },
    "poetry_jahili": {
      "n_verses": 2561,
      "n_units": 133,
      "global": {
        "I0": 8.8e-05,
        "tau": 7.3363,
        "R2": 0.8238,
        "mi_curve": {
          "1": 0.000103,
          "2": 5.6e-05,
          "3": 4.7e-05,
          "4": 4.2e-05,
          "5": 3.6e-05,
          "6": 3.2e-05,
          "7": 2.8e-05,
          "8": 3.7e-05,
          "9": 2.4e-05,
          "10": 2.4e-05,
          "11": 1.6e-05,
          "12": 2.1e-05,
          "13": 1.9e-05,
          "14": 1.6e-05,
          "15": 1.8e-05,
          "16": 1.4e-05,
          "17": 1.3e-05,
          "18": 1.2e-05,
          "19": 1.4e-05,
          "20": 1.4e-05
        },
        "overlap_curve": {
          "1": 0.011976,
          "2": 0.008834,
          "3": 0.00806,
          "4": 0.007589,
          "5": 0.00702,
          "6": 0.006686,
          "7": 0.006199,
          "8": 0.007117,
          "9": 0.005773,
          "10": 0.005713,
          "11": 0.004768,
          "12": 0.005368,
          "13": 0.005134,
          "14": 0.004704,
          "15": 0.004974,
          "16": 0.004462,
          "17": 0.004314,
          "18": 0.004118,
          "19": 0.004447,
          "20": 0.004354
        }
      },
      "per_unit": {
        "n": 65,
        "mean": 65.1781,
        "std": 42.974,
        "median": 100.0
      },
      "vs_quran_d_tau": -0.8909,
      "vs_quran_p_tau": 8.659776479556921e-05
    },
    "poetry_islami": {
      "n_verses": 10295,
      "n_units": 465,
      "global": {
        "I0": 5.6e-05,
        "tau": 12.1461,
        "R2": 0.7377,
        "mi_curve": {
          "1": 7.1e-05,
          "2": 5.1e-05,
          "3": 3.8e-05,
          "4": 3.3e-05,
          "5": 2.9e-05,
          "6": 2.6e-05,
          "7": 2.5e-05,
          "8": 2.5e-05,
          "9": 2.4e-05,
          "10": 2.3e-05,
          "11": 2.1e-05,
          "12": 2e-05,
          "13": 2.2e-05,
          "14": 2e-05,
          "15": 1.7e-05,
          "16": 2e-05,
          "17": 1.7e-05,
          "18": 1.8e-05,
          "19": 1.9e-05,
          "20": 1.8e-05
        },
        "overlap_curve": {
          "1": 0.009914,
          "2": 0.008401,
          "3": 0.007298,
          "4": 0.006774,
          "5": 0.006302,
          "6": 0.00596,
          "7": 0.005893,
          "8": 0.005845,
          "9": 0.005766,
          "10": 0.005588,
          "11": 0.005432,
          "12": 0.005302,
          "13": 0.005485,
          "14": 0.005285,
          "15": 0.004892,
          "16": 0.005295,
          "17": 0.004883,
          "18": 0.004982,
          "19": 0.005143,
          "20": 0.00502
        }
      },
      "per_unit": {
        "n": 214,
        "mean": 56.012,
        "std": 42.3235,
        "median": 53.1126
      },
      "vs_quran_d_tau": -0.6539,
      "vs_quran_p_tau": 0.00026808709124105277
    },
    "poetry_abbasi": {
      "n_verses": 76499,
      "n_units": 2823,
      "global": {
        "I0": 7.6e-05,
        "tau": 14.9729,
        "R2": 0.561,
        "mi_curve": {
          "1": 0.000114,
          "2": 6.1e-05,
          "3": 5e-05,
          "4": 4.7e-05,
          "5": 4.3e-05,
          "6": 3.9e-05,
          "7": 3.8e-05,
          "8": 3.6e-05,
          "9": 3.6e-05,
          "10": 3.5e-05,
          "11": 3.4e-05,
          "12": 3.4e-05,
          "13": 3.3e-05,
          "14": 3.3e-05,
          "15": 3.2e-05,
          "16": 3.1e-05,
          "17": 3e-05,
          "18": 3.1e-05,
          "19": 3.1e-05,
          "20": 3e-05
        },
        "overlap_curve": {
          "1": 0.012572,
          "2": 0.009176,
          "3": 0.008349,
          "4": 0.008041,
          "5": 0.007691,
          "6": 0.007392,
          "7": 0.007276,
          "8": 0.007062,
          "9": 0.007058,
          "10": 0.006963,
          "11": 0.006846,
          "12": 0.006818,
          "13": 0.006774,
          "14": 0.006729,
          "15": 0.006671,
          "16": 0.006577,
          "17": 0.006498,
          "18": 0.006586,
          "19": 0.006521,
          "20": 0.006421
        }
      },
      "per_unit": {
        "n": 1285,
        "mean": 56.9558,
        "std": 42.0458,
        "median": 56.0488
      },
      "vs_quran_d_tau": -0.6821,
      "vs_quran_p_tau": 8.244520041024789e-06
    },
    "ksucca": {
      "n_verses": 1967,
      "n_units": 41,
      "global": {
        "I0": 0.004814,
        "tau": 18.7856,
        "R2": 0.8378,
        "mi_curve": {
          "1": 0.005631,
          "2": 0.004656,
          "3": 0.003769,
          "4": 0.003704,
          "5": 0.003361,
          "6": 0.002932,
          "7": 0.003018,
          "8": 0.002966,
          "9": 0.00261,
          "10": 0.002717,
          "11": 0.002555,
          "12": 0.002368,
          "13": 0.002401,
          "14": 0.002192,
          "15": 0.002235,
          "16": 0.002268,
          "17": 0.002103,
          "18": 0.002312,
          "19": 0.002118,
          "20": 0.00202
        },
        "overlap_curve": {
          "1": 0.088184,
          "2": 0.080209,
          "3": 0.072189,
          "4": 0.071565,
          "5": 0.06818,
          "6": 0.063693,
          "7": 0.064619,
          "8": 0.064061,
          "9": 0.060098,
          "10": 0.061315,
          "11": 0.059459,
          "12": 0.057248,
          "13": 0.057644,
          "14": 0.055081,
          "15": 0.055626,
          "16": 0.056022,
          "17": 0.053956,
          "18": 0.056573,
          "19": 0.054152,
          "20": 0.052885
        }
      },
      "per_unit": {
        "n": 26,
        "mean": 34.9056,
        "std": 32.1639,
        "median": 19.9925
      },
      "vs_quran_d_tau": -0.103,
      "vs_quran_p_tau": 0.5195356811885301
    },
    "arabic_bible": {
      "n_verses": 31083,
      "n_units": 1183,
      "global": {
        "I0": 0.001265,
        "tau": 11.5843,
        "R2": 0.8493,
        "mi_curve": {
          "1": 0.001475,
          "2": 0.001128,
          "3": 0.000848,
          "4": 0.000774,
          "5": 0.000666,
          "6": 0.000715,
          "7": 0.000582,
          "8": 0.000551,
          "9": 0.000509,
          "10": 0.000481,
          "11": 0.000454,
          "12": 0.000487,
          "13": 0.000418,
          "14": 0.000404,
          "15": 0.000396,
          "16": 0.000391,
          "17": 0.000365,
          "18": 0.000392,
          "19": 0.000338,
          "20": 0.000342
        },