{
  "experiment": "exp138_Quran_Footprint_Joint_Z",
  "hypothesis_id": "H91_Q_Footprint_Joint_Z",
  "hypothesis": "Across K=8 independent universal-feature axes, the Quran's joint Stouffer Z (Brown-adjusted) exceeds 8.0, is rank-1 of 12 with gap ≥ 4.0 to runner-up, and column-shuffle null gives p < 0.001.",
  "verdict": "FAIL_q_footprint_no_joint_pinnacle",
  "verdict_reason": "Only 3/6 criteria PASS",
  "prereg_hash": "963c825c7ed8be8f7f7f7ad449c649f8c84942b6ae182db522af4fad36381293",
  "frozen_constants": {
    "K_axes": 8,
    "N_PERM": 10000,
    "RIDGE": 0.001,
    "SEED": 42,
    "axes": [
      "z_HEL_pool",
      "z_pmax_pool",
      "z_HEL_unit_median",
      "z_HEL_unit_p25",
      "z_VL_CV_median",
      "z_bigram_distinct_pool",
      "z_gzip_eff_pool",
      "z_Delta_max_unit"
    ],
    "sign_quran_extreme": {
      "z_HEL_pool": -1,
      "z_pmax_pool": 1,
      "z_HEL_unit_median": -1,
      "z_HEL_unit_p25": -1,
      "z_VL_CV_median": 1,
      "z_bigram_distinct_pool": -1,
      "z_gzip_eff_pool": -1,
      "z_Delta_max_unit": 1
    }
  },
  "results": {
    "raw_feature_matrix": {
      "quran": {
        "z_HEL_pool": 2.470720215424587,
        "z_pmax_pool": 0.50096215522771,
        "z_HEL_unit_median": 0.9685208240372032,
        "z_HEL_unit_p25": 0.5182875976098393,
        "z_VL_CV_median": 0.42859316961608535,
        "z_bigram_distinct_pool": 0.0022881795267520365,
        "z_gzip_eff_pool": 0.25387982431211215,
        "z_Delta_max_unit": 3.8388340980204005
      },
      "poetry_jahili": {
        "z_HEL_pool": 3.814724800590194,
        "z_pmax_pool": 0.1999198717948718,
        "z_HEL_unit_median": 2.779539763336115,
        "z_HEL_unit_p25": 2.303682946149334,
        "z_VL_CV_median": 0.1593313680094961,
        "z_bigram_distinct_pool": 0.010326395075726897,
        "z_gzip_eff_pool": 0.3353447151457737,
        "z_Delta_max_unit": 2.0278151587214888
      },
      "poetry_islami": {
        "z_HEL_pool": 3.7575399257495903,
        "z_pmax_pool": 0.22240951908775408,
        "z_HEL_unit_median": 2.688721875540867,
        "z_HEL_unit_p25": 2.2516291673878226,
        "z_VL_CV_median": 0.1613988437903429,
        "z_bigram_distinct_pool": 0.002698361493070957,
        "z_gzip_eff_pool": 0.32747558511965597,
        "z_Delta_max_unit": 2.1186330465167367
      },
      "poetry_abbasi": {
        "z_HEL_pool": 3.8225714330036857,
        "z_pmax_pool": 0.18958529876825364,
        "z_HEL_unit_median": 2.7516291673878226,
        "z_HEL_unit_p25": 2.2516291673878226,
        "z_VL_CV_median": 0.16168264439258145,
        "z_bigram_distinct_pool": 0.00038318410923167704,
        "z_gzip_eff_pool": 0.3271734079333804,
        "z_Delta_max_unit": 2.055725754669781
      },
      "hindawi": {
        "z_HEL_pool": 3.883206737347789,
        "z_pmax_pool": 0.1464471403812825,
        "z_HEL_unit_median": 3.478902741597457,
        "z_HEL_unit_p25": 3.3610361231493036,
        "z_VL_CV_median": 0.3394746380531667,
        "z_bigram_distinct_pool": 0.004556042166170248,
        "z_gzip_eff_pool": 0.3013691932946627,
        "z_Delta_max_unit": 1.3284521804601468
      },
      "ksucca": {
        "z_HEL_pool": 3.7553346508420575,
        "z_pmax_pool": 0.21212121212121213,
        "z_HEL_unit_median": 2.907891879501107,
        "z_HEL_unit_p25": 2.3164098989408313,
        "z_VL_CV_median": 0.976173252079034,
        "z_bigram_distinct_pool": 0.0015277732799692158,
        "z_gzip_eff_pool": 0.2312240667860183,
        "z_Delta_max_unit": 1.899463042556497
      },
      "arabic_bible": {
        "z_HEL_pool": 3.7052353604390245,
        "z_pmax_pool": 0.20483865778721488,
        "z_HEL_unit_median": 2.918295834054489,
        "z_HEL_unit_p25": 2.633779207561428,
        "z_VL_CV_median": 0.3338756010690486,
        "z_bigram_distinct_pool": 0.0004405070725857765,
        "z_gzip_eff_pool": 0.25896378543778487,
        "z_Delta_max_unit": 1.8890590880031146
      },
      "hebrew_tanakh": {
        "z_HEL_pool": 3.6684898740231513,
        "z_pmax_pool": 0.1494466889162129,
        "z_HEL_unit_median": 3.053090083530327,
        "z_HEL_unit_p25": 2.7898980954642876,
        "z_VL_CV_median": 0.0965239773586764,
        "z_bigram_distinct_pool": 0.00041107632706415985,
        "z_gzip_eff_pool": 0.2787092131802658,
        "z_Delta_max_unit": 1.4063415351069701
      },
      "greek_nt": {
        "z_HEL_pool": 2.807380532925843,
        "z_pmax_pool": 0.3206145321747891,
        "z_HEL_unit_median": 2.433671200186647,
        "z_HEL_unit_p25": 2.2564404856372566,
        "z_VL_CV_median": 0.3431563456986295,
        "z_bigram_distinct_pool": 0.0007524866060340851,
        "z_gzip_eff_pool": 0.22837736354105478,
        "z_Delta_max_unit": 2.151291300534509
      },
      "pali": {
        "z_HEL_pool": 2.3257207515452003,
        "z_pmax_pool": 0.4693952463980912,
        "z_HEL_unit_median": 2.0899389760168754,
        "z_HEL_unit_p25": 1.9003561124567057,
        "z_VL_CV_median": 0.7732333842084944,
        "z_bigram_distinct_pool": 0.00017762631138702848,
        "z_gzip_eff_pool": 0.1639331594487322,
        "z_Delta_max_unit": 2.8642573343699995
      },
      "avestan_yasna": {
        "z_HEL_pool": 2.6953395037429346,
        "z_pmax_pool": 0.24967148488830487,
        "z_HEL_unit_median": 2.1180782093497093,
        "z_HEL_unit_p25": 1.7177376486136673,
        "z_VL_CV_median": 0.6901910928513847,
        "z_bigram_distinct_pool": 0.0025271264967207524,
        "z_gzip_eff_pool": 0.2543355306261616,
        "z_Delta_max_unit": 2.5823615087913834
      },
      "rigveda": {
        "z_HEL_pool": 3.7117277703381943,
        "z_pmax_pool": 0.19081202860221375,
        "z_HEL_unit_median": 2.287783719941071,
        "z_HEL_unit_p25": 1.9056390622295665,
        "z_VL_CV_median": 0.16500803247742193,
        "z_bigram_distinct_pool": 0.0026669111822981086,
        "z_gzip_eff_pool": 0.2178820434173125,
        "z_Delta_max_unit": 3.2668051317365667
      }
    },
    "z_matrix": {
      "quran": {
        "z_HEL_pool": 1.7654771172408994,
        "z_pmax_pool": 2.924355616406938,
        "z_HEL_unit_median": 4.062932491827744,
        "z_HEL_unit_p25": 3.9419854497382767,
        "z_VL_CV_median": 0.15747666527771015,
        "z_bigram_distinct_pool": 0.0397789291454589,
        "z_gzip_eff_pool": 0.22192894542387764,
        "z_Delta_max_unit": 2.937062817947411
      },
      "poetry_jahili": {
        "z_HEL_pool": -0.6581515363505878,
        "z_pmax_pool": -0.352411358071348,
        "z_HEL_unit_median": -0.2300197433274521,
        "z_HEL_unit_p25": 0.06858076710049038,
        "z_VL_CV_median": -0.7491297488337914,
        "z_bigram_distinct_pool": -2.6709926541423052,
        "z_gzip_eff_pool": -1.2834347341013421,
        "z_Delta_max_unit": -0.20238744094810213
      },
      "poetry_islami": {
        "z_HEL_pool": -0.5550306818940883,
        "z_pmax_pool": -0.10761739532085476,
        "z_HEL_unit_median": -0.014739358378184865,
        "z_HEL_unit_p25": 0.1815111332341122,
        "z_VL_CV_median": -0.742168543075113,
        "z_bigram_distinct_pool": -0.09854898847504259,
        "z_gzip_eff_pool": -1.138023595516913,
        "z_Delta_max_unit": -0.04495217886215688
      },
      "poetry_abbasi": {
        "z_HEL_pool": -0.6723012820891372,
        "z_pmax_pool": -0.4649004981442955,
        "z_HEL_unit_median": -0.1638587260897638,
        "z_HEL_unit_p25": 0.1815111332341122,
        "z_VL_CV_median": -0.7412129844151657,
        "z_bigram_distinct_pool": 0.6822109978856636,
        "z_gzip_eff_pool": -1.1324397598750144,
        "z_Delta_max_unit": -0.154003668821613
      },
      "hindawi": {
        "z_HEL_pool": -0.7816442580355333,
        "z_pmax_pool": -0.9344481348761174,
        "z_HEL_unit_median": -1.8878333617063392,
        "z_HEL_unit_p25": -2.225340716644779,
        "z_VL_CV_median": -0.1425860686454189,
        "z_bigram_distinct_pool": -0.7250248460554816,