{
  "experiment": "exp96_hurst_ladder",
  "hypothesis": "H31 — Multi-Scale Hurst Ladder Scaling Law (H(k) = alpha + beta*log2(k) across 4 scales)",
  "schema_version": 1,
  "prereg_document": "experiments/exp96_hurst_ladder/PREREG.md",
  "frozen_constants": {
    "seed": 42,
    "band_a": [
      15,
      100
    ],
    "n_min_rs": 8,
    "n_min_series": 16,
    "rs_window_log_steps": 8,
    "bootstrap_n": 1000,
    "monotone_tol": 0.02,
    "r2_gate": 0.95,
    "beta_constant_tol": 0.03,
    "quran_specific_se_k": 2.0
  },
  "scale_k_mapping": {
    "letter": 1,
    "word": 2,
    "delta": 3,
    "verse": 4
  },
  "beta_constant_targets": {
    "neg_one_over_2pi": -0.159155,
    "neg_log10_e": -0.434294,
    "neg_one_over_pi": -0.31831,
    "neg_one_over_phi": -0.618034,
    "neg_one_over_e": -0.367879,
    "neg_euler_mascheroni": -0.577216,
    "neg_one_half": -0.5,
    "neg_one_third": -0.333333
  },
  "quran": {
    "n_units": 68,
    "n_units_with_all4_finite": 59,
    "H_mean_RS": {
      "letter": 0.567933,
      "word": 0.648537,
      "delta": 0.3838,
      "verse": 0.694169
    },
    "H_mean_DFA": {
      "letter": 0.508007,
      "word": 0.582202,
      "delta": 0.08047,
      "verse": 0.837968
    },
    "fit_RS": {
      "alpha": 0.565887,
      "beta": 0.006737,
      "r2": 0.001822,
      "n": 4
    },
    "fit_RS_residuals": {
      "letter": 0.0020461456699156777,
      "word": 0.07591266513495243,
      "delta": -0.19276560940588994,
      "verse": 0.11480679860102294
    },
    "fit_DFA": {
      "alpha": 0.459857,
      "beta": 0.036908,
      "r2": 0.010349,
      "n": 4
    },
    "bootstrap_RS": {
      "n_boot_valid": 1000,
      "alpha": {
        "mean": 0.5659273387057764,
        "ci_lo": 0.5511321508528085,
        "ci_hi": 0.5822830373988449,
        "se": 0.008258589850696732
      },
      "beta": {
        "mean": 0.006615276859562197,
        "ci_lo": -0.01634706344680736,
        "ci_hi": 0.03148227514999461,
        "se": 0.012259737044737908
      },
      "r2": {
        "mean": 0.00757471383369896,
        "ci_lo": 4.83532278365284e-06,
        "ci_hi": 0.03653157836373263
      }
    }
  },
  "ctrl_corpora": {
    "poetry_jahili": {
      "n_units": 65,
      "n_units_with_all4_finite": 45,
      "H_mean_RS": {
        "letter": 0.556477,
        "word": 0.614143,
        "delta": 0.367215,
        "verse": 0.652167
      },
      "H_mean_DFA": {
        "letter": 0.478917,
        "word": 0.500472,
        "delta": 0.235526,
        "verse": 0.577257
      },
      "fit_RS": {
        "alpha": 0.552463,
        "beta": -0.004329,
        "r2": 0.000882,
        "n": 4
      },
      "fit_RS_residuals": {
        "letter": 0.004013828759996563,
        "word": 0.06600913983914602,
        "delta": -0.17838580245829028,
        "verse": 0.10836283385914836
      },
      "fit_DFA": {
        "alpha": 0.461237,
        "beta": -0.01151,
        "r2": 0.00456,
        "n": 4
      },
      "bootstrap_RS": {
        "n_boot_valid": 1000,
        "alpha": {
          "mean": 0.5525104067152474,
          "ci_lo": 0.535763528175043,
          "ci_hi": 0.5671739287377386,
          "se": 0.008064765000711148
        },
        "beta": {
          "mean": -0.004437095469707227,
          "ci_lo": -0.042436018858174815,
          "ci_hi": 0.03258074387160153,
          "se": 0.018756055678372893
        },
        "r2": {
          "mean": 0.01782970843829344,
          "ci_lo": 2.286761973328555e-05,
          "ci_hi": 0.0901978670871601
        }
      }
    },
    "poetry_islami": {
      "n_units": 211,
      "n_units_with_all4_finite": 145,
      "H_mean_RS": {
        "letter": 0.563716,
        "word": 0.60533,
        "delta": 0.379321,
        "verse": 0.65136
      },
      "H_mean_DFA": {
        "letter": 0.490212,
        "word": 0.505567,
        "delta": 0.25923,
        "verse": 0.560502
      },
      "fit_RS": {
        "alpha": 0.556107,
        "beta": -0.005387,
        "r2": 0.001535,
        "n": 4
      },
      "fit_RS_residuals": {
        "letter": 0.007609322670449892,
        "word": 0.05461023767810458,
        "delta": -0.16824716595569322,
        "verse": 0.10602760560713975
      },
      "fit_DFA": {
        "alpha": 0.47601,
        "beta": -0.019308,
        "r2": 0.015799,
        "n": 4
      },
      "bootstrap_RS": {
        "n_boot_valid": 1000,
        "alpha": {
          "mean": 0.5565735196381838,
          "ci_lo": 0.5480574200337849,
          "ci_hi": 0.5647311509372547,
          "se": 0.00424698987242804
        },
        "beta": {
          "mean": -0.005803816964080842,
          "ci_lo": -0.028098432470450133,
          "ci_hi": 0.016880156004753972,
          "se": 0.011043722632185867
        },
        "r2": {
          "mean": 0.007887298455737737,
          "ci_lo": 1.2372042165528787e-05,
          "ci_hi": 0.03809602390527539
        }
      }
    },
    "poetry_abbasi": {
      "n_units": 1167,
      "n_units_with_all4_finite": 883,
      "H_mean_RS": {
        "letter": 0.562573,
        "word": 0.610205,
        "delta": 0.347302,
        "verse": 0.656005
      },
      "H_mean_DFA": {
        "letter": 0.488726,
        "word": 0.510829,
        "delta": 0.176754,
        "verse": 0.589485
      },
      "fit_RS": {
        "alpha": 0.555014,
        "beta": -0.00959,
        "r2": 0.003708,
        "n": 4
      },
      "fit_RS_residuals": {
        "letter": 0.007559348925274323,
        "word": 0.06478108814124284,
        "delta": -0.19251220945245162,
        "verse": 0.12017177238593546
      },
      "fit_DFA": {
        "alpha": 0.468917,
        "beta": -0.023964,
        "r2": 0.013086,
        "n": 4
      },
      "bootstrap_RS": {
        "n_boot_valid": 1000,
        "alpha": {
          "mean": 0.5549374967743889,
          "ci_lo": 0.5513392920625926,
          "ci_hi": 0.5585722257149714,
          "se": 0.0018789366641590538
        },
        "beta": {
          "mean": -0.009494796529173177,
          "ci_lo": -0.01672614744237172,
          "ci_hi": -0.002284362792914634,
          "se": 0.0037924126448009637
        },
        "r2": {
          "mean": 0.0042156465917428,
          "ci_lo": 0.00022800140302314532,
          "ci_hi": 0.011741008586509056
        }
      }
    },
    "ksucca": {
      "n_units": 19,
      "n_units_with_all4_finite": 15,
      "H_mean_RS": {
        "letter": 0.577056,
        "word": 0.624911,
        "delta": 0.375656,
        "verse": 0.629486
      },
      "H_mean_DFA": {
        "letter": 0.543033,
        "word": 0.579835,
        "delta": 0.345845,
        "verse": 0.488896
      },
      "fit_RS": {
        "alpha": 0.577476,
        "beta": -0.02242,
        "r2": 0.026352,
        "n": 4
      },
      "fit_RS_residuals": {
        "letter": -0.00042038142842382165,
        "word": 0.06985515245464458,
        "delta": -0.16628470853287525,
        "verse": 0.09684993750665549
      },
      "fit_DFA": {
        "alpha": 0.559555,
        "beta": -0.061203,
        "r2": 0.266962,
        "n": 4
      },
      "bootstrap_RS": {
        "n_boot_valid": 1000,
        "alpha": {
          "mean": 0.5773095190114153,
          "ci_lo": 0.5535660089348314,
          "ci_hi": 0.6011320171252298,
          "se": 0.012269704484928947
        },
        "beta": {
          "mean": -0.021996259398372697,
          "ci_lo": -0.07083069943140603,
          "ci_hi": 0.02807287992615688,
          "se": 0.024900496260249948
        },
        "r2": {
          "mean": 0.06413784764272365,
          "ci_lo": 5.1165697838456714e-05,
          "ci_hi": 0.32159795170483596
        }
      }
    },
    "arabic_bible": {
      "n_units": 977,
      "n_units_with_all4_finite": 764,
      "H_mean_RS": {
        "letter": 0.563994,
        "word": 0.636597,
        "delta": 0.342132,
        "verse": 0.688184
      },
      "H_mean_DFA": {
        "letter": 0.503808,
        "word": 0.561472,