{
  "experiment": "exp26_perm_sensitivity",
  "seed_base": 143,
  "n_quran": 68,
  "n_ctrl": 2509,
  "d": 5,
  "T2_observed": 3557.3394545046353,
  "locked_p_at_N200": 0.004975124378109453,
  "per_level": {
    "N=500": {
      "n_perm": 500,
      "hits_ge_observed": 0,
      "p_value": 0.001996007984031936,
      "p_floor": 0.001996007984031936,
      "wall_seconds": 0.22515225410461426
    },
    "N=2000": {
      "n_perm": 2000,
      "hits_ge_observed": 0,
      "p_value": 0.0004997501249375312,
      "p_floor": 0.0004997501249375312,
      "wall_seconds": 1.053358554840088
    },
    "N=10000": {
      "n_perm": 10000,
      "hits_ge_observed": 0,
      "p_value": 9.999000099990002e-05,
      "p_floor": 9.999000099990002e-05,
      "wall_seconds": 4.200345516204834
    }
  },
  "note": "Supplementary permutation-sensitivity appendix. Does NOT modify phase_07_core.pkl or results_lock.json. Shares the exact seed (SEED + 101) as the locked Phase-7 run so N=500 extends the same permutation sequence as N=200. If hits_ge_observed stays 0 as N grows, the reportable statement is 'p < 1/(N+1)'; we cannot infer a sharper value."
}