{
  "experiment": "exp05_subclass_atlas",
  "description": "Sub-class atlas. Tests whether pre-registered Qur'ānic sub-classes (oath_opening, muqattaat, hamim, story_dominant, short_mufassal) form coherent clusters in the 5-D feature space of the locked pipeline. Uses local-class Mahalanobis + permutation test (1000 shuffles) on 114 surahs.",
  "preregistered_class_definitions": {
    "oath_opening": [
      37,
      51,
      52,
      53,
      77,
      79,
      85,
      86,
      89,
      91,
      92,
      93,
      95,
      100,
      103
    ],
    "muqattaat": [
      2,
      3,
      7,
      10,
      11,
      12,
      13,
      14,
      15,
      19,
      20,
      26,
      27,
      28,
      29,
      30,
      31,
      32,
      36,
      38,
      40,
      41,
      42,
      43,
      44,
      45,
      46,
      50,
      68
    ],
    "hamim": [
      40,
      41,
      42,
      43,
      44,
      45,
      46
    ],
    "story_dominant": [
      7,
      11,
      12,
      18,
      19,
      20,
      21,
      27,
      28,
      37,
      38,
      71
    ],
    "short_mufassal": [
      93,
      94,
      95,
      96,
      97,
      98,
      99,
      100,
      101,
      102,
      103,
      104,
      105,
      106,
      107,
      108,
      109,
      110,
      111,
      112,
      113,
      114
    ]
  },
  "feature_cols": [
    "EL",
    "VL_CV",
    "CN",
    "H_cond",
    "T"
  ],
  "n_quran_surahs": 114,
  "classes": {
    "oath_opening": {
      "expected_members": [
        37,
        51,
        52,
        53,
        77,
        79,
        85,
        86,
        89,
        91,
        92,
        93,
        95,
        100,
        103
      ],
      "found_members": [
        37,
        51,
        52,
        53,
        77,
        79,
        85,
        86,
        89,
        91,
        92,
        93,
        95,
        100,
        103
      ],
      "n_expected": 15,
      "n_found": 15,
      "centroid_5d": {
        "EL": 0.7747837126596203,
        "VL_CV": 0.4513131365937083,
        "CN": 0.11854756400175027,
        "H_cond": 0.6595629968788689,
        "T": -0.5989603224263819
      },
      "median_d_in_local_maha": 1.9715534299006334,
      "median_d_out_local_maha": 2.856635197086933,
      "separation_ratio": 1.448926087299043,
      "perm_test": {
        "n_perm": 1000,
        "observed_median_d_in": 1.9715534299006334,
        "null_median": 2.01284203956394,
        "null_5pct": 1.7861446873443358,
        "null_95pct": 2.2208468222671116,
        "p": 0.3946053946053946
      }
    },
    "muqattaat": {
      "expected_members": [
        2,
        3,
        7,
        10,
        11,
        12,
        13,
        14,
        15,
        19,
        20,
        26,
        27,
        28,
        29,
        30,
        31,
        32,
        36,
        38,
        40,
        41,
        42,
        43,
        44,
        45,
        46,
        50,
        68
      ],
      "found_members": [
        2,
        3,
        7,
        10,
        11,
        12,
        13,
        14,
        15,
        19,
        20,
        26,
        27,
        28,
        29,
        30,
        31,
        32,
        36,
        38,
        40,
        41,
        42,
        43,
        44,
        45,
        46,
        50,
        68
      ],
      "n_expected": 29,
      "n_found": 29,
      "centroid_5d": {
        "EL": 0.6809644769199653,
        "VL_CV": 0.46054352161742024,
        "CN": 0.07144423505460464,
        "H_cond": 1.251653925122226,
        "T": -0.02241244421437546
      },
      "median_d_in_local_maha": 2.2725051619582293,
      "median_d_out_local_maha": 3.4347334317074902,
      "separation_ratio": 1.5114304201394038,
      "perm_test": {
        "n_perm": 1000,
        "observed_median_d_in": 2.2725051619582293,
        "null_median": 1.8986928419689364,
        "null_5pct": 1.6974123124668061,
        "null_95pct": 2.0967784086969896,
        "p": 0.998001998001998
      }
    },
    "hamim": {
      "expected_members": [
        40,
        41,
        42,
        43,
        44,
        45,
        46
      ],
      "found_members": [
        40,
        41,
        42,
        43,
        44,
        45,
        46
      ],
      "n_expected": 7,
      "n_found": 7,
      "centroid_5d": {
        "EL": 0.6257129317323792,
        "VL_CV": 0.42499136527580467,
        "CN": 0.07662756885705661,
        "H_cond": 1.043037904216355,
        "T": -0.4124624480905158
      },
      "median_d_in_local_maha": 2.1336422318036963,
      "median_d_out_local_maha": 5.991095733131969,
      "separation_ratio": 2.807919548942999,
      "perm_test": {
        "n_perm": 1000,
        "observed_median_d_in": 2.1336422318036963,
        "null_median": 2.1718083774730887,
        "null_5pct": 2.041478089046859,
        "null_95pct": 2.2503386304843502,
        "p": 0.33266733266733267
      }
    },
    "story_dominant": {
      "expected_members": [
        7,
        11,
        12,
        18,
        19,
        20,
        21,
        27,
        28,
        37,
        38,
        71
      ],
      "found_members": [
        7,
        11,
        12,
        18,
        19,
        20,
        21,
        27,
        28,
        37,
        38,
        71
      ],
      "n_expected": 12,
      "n_found": 12,
      "centroid_5d": {
        "EL": 0.8075724688385592,
        "VL_CV": 0.48212699500311557,
        "CN": 0.07814677208188861,
        "H_cond": 1.3823767231944448,
        "T": 0.4541461769688555
      },
      "median_d_in_local_maha": 2.275082332807314,
      "median_d_out_local_maha": 4.904806233110267,
      "separation_ratio": 2.1558807619318254,
      "perm_test": {
        "n_perm": 1000,
        "observed_median_d_in": 2.275082332807314,
        "null_median": 2.0572823755623926,
        "null_5pct": 1.8380038727765837,
        "null_95pct": 2.218439855713743,
        "p": 0.975024975024975
      }
    },
    "short_mufassal": {
      "expected_members": [
        93,
        94,
        95,
        96,
        97,
        98,
        99,
        100,
        101,
        102,
        103,
        104,
        105,
        106,
        107,
        108,
        109,
        110,
        111,
        112,
        113,
        114
      ],
      "found_members": [
        93,
        94,
        95,
        96,
        97,
        98,
        99,
        100,
        101,
        102,
        103,
        104,
        105,
        106,
        107,
        108,
        109,
        110,
        111,
        112,
        113,
        114
      ],
      "n_expected": 22,
      "n_found": 22,
      "centroid_5d": {
        "EL": 0.6937229437229436,
        "VL_CV": 0.38956729540599416,
        "CN": 0.11154401154401156,
        "H_cond": 0.31102648926297244,
        "T": -0.5642542878946741
      },
      "median_d_in_local_maha": 2.099973843501783,
      "median_d_out_local_maha": 3.2795796960467207,
      "separation_ratio": 1.561724069180739,
      "perm_test": {
        "n_perm": 1000,
        "observed_median_d_in": 2.099973843501783,
        "null_median": 1.938919990190349,
        "null_5pct": 1.740015503647424,
        "null_95pct": 2.1432500113733526,
        "p": 0.8871128871128872
      }
    }
  },
  "pca": {
    "variance_explained_ratio": [
      0.8394069076001568,
      0.11480869330103084,
      0.024664688644993896,
      0.015437724952464114,
      0.005681985501354434
    ],
    "pc1_loadings": [
      0.12450892693296309,
      0.015921888101315562,
      0.002293600789088305,
      0.34764834654727206,
      0.9291821065494427
    ],
    "pc2_loadings": [
      -0.22855092689259493,
      0.07392945871562928,
      -0.03464828299706589,
      0.9178867930340545,
      -0.3139780893781673
    ]
  }
}