{
  "audit": "f63_real_verse_only_perm",
  "scope": "6 cross-tradition canonical religious texts; real-verse-boundary only",
  "corpora": [
    "quran",
    "arabic_bible",
    "hebrew_tanakh",
    "greek_nt",
    "pali",
    "avestan_yasna"
  ],
  "medians": {
    "quran": {
      "p_max": 0.7272727272727273,
      "H_EL": 0.9685208240372034
    },
    "arabic_bible": {
      "p_max": 0.2727272727272727,
      "H_EL": 2.918295834054489
    },
    "hebrew_tanakh": {
      "p_max": 0.2413793103448276,
      "H_EL": 3.053090083530327
    },
    "greek_nt": {
      "p_max": 0.3333333333333333,
      "H_EL": 2.433671200186647
    },
    "pali": {
      "p_max": 0.4808201058201058,
      "H_EL": 2.089938976016876
    },
    "avestan_yasna": {
      "p_max": 0.375,
      "H_EL": 2.1180782093497093
    }
  },
  "n_units_per_corpus": {
    "quran": 114,
    "arabic_bible": 1183,
    "hebrew_tanakh": 921,
    "greek_nt": 260,
    "pali": 186,
    "avestan_yasna": 67
  },
  "quran_p_max": 0.7272727272727273,
  "quran_h_el": 0.9685208240372034,
  "next_highest_p_max": {
    "corpus": "pali",
    "value": 0.4808201058201058
  },
  "next_lowest_h_el": {
    "corpus": "pali",
    "value": 2.089938976016876
  },
  "p_max_ratio": 1.5125672127047642,
  "h_el_ratio": 0.46342062383231175,
  "perm_p_h_el": 0.0,
  "perm_p_p_max": 0.0,
  "perm_alpha_bonf": 0.0005,
  "verdict": "PASS_quran_rhyme_extremum_real_verse_only"
}