{
  "audit": "phi_master_xtrad_sizing",
  "corpora": [
    "quran",
    "arabic_bible",
    "hebrew_tanakh",
    "greek_nt",
    "pali",
    "avestan_yasna"
  ],
  "n_units_per_corpus": {
    "quran": 114,
    "arabic_bible": 1183,
    "hebrew_tanakh": 921,
    "greek_nt": 260,
    "pali": 186,
    "avestan_yasna": 67
  },
  "n_total": 2731,
  "bin_edges": {
    "EL": [
      0.09523809523809523,
      0.2761904761904762,
      0.45714285714285713,
      0.638095238095238,
      0.819047619047619,
      1.0
    ],
    "VL_CV": [
      0.06536406457297465,
      0.3862339243271378,
      0.7071037840813009,
      1.027973643835464,
      1.3488435035896273,
      1.6697133633437906
    ],
    "p_max": [
      0.09523809523809523,
      0.2761904761904762,
      0.45714285714285713,
      0.638095238095238,
      0.819047619047619,
      1.0
    ]
  },
  "phi_3_per_corpus": {
    "quran": {
      "mi_el": 0.08380571733512687,
      "mi_vl_cv": 0.02533775861229397,
      "mi_p_max": 0.08380571733512687,
      "phi_3_nats": 0.19294919328254773,
      "n_units": 114
    },
    "arabic_bible": {
      "mi_el": 0.025050704287782756,
      "mi_vl_cv": 0.03098286553261349,
      "mi_p_max": 0.025050704287782756,
      "phi_3_nats": 0.081084274108179,
      "n_units": 1183
    },
    "hebrew_tanakh": {
      "mi_el": 0.05335478735440691,
      "mi_vl_cv": 0.11103990646171234,
      "mi_p_max": 0.05335478735440691,
      "phi_3_nats": 0.21774948117052617,
      "n_units": 921
    },
    "greek_nt": {
      "mi_el": 0.03578543118292453,
      "mi_vl_cv": 0.005827993285640756,
      "mi_p_max": 0.03578543118292453,
      "phi_3_nats": 0.07739885565148982,
      "n_units": 260
    },
    "pali": {
      "mi_el": 0.07517874517541069,
      "mi_vl_cv": 0.13279611579416042,
      "mi_p_max": 0.07517874517541069,
      "phi_3_nats": 0.2831536061449818,
      "n_units": 186
    },
    "avestan_yasna": {
      "mi_el": 0.0083088411047867,
      "mi_vl_cv": 0.036942457179969926,
      "mi_p_max": 0.0083088411047867,
      "phi_3_nats": 0.05356013938954332,
      "n_units": 67
    }
  },
  "quran_phi_3": 0.19294919328254773,
  "next_highest_corpus": "pali",
  "next_highest_phi_3": 0.2831536061449818,
  "quran_to_next_ratio": 0.6814294047300703
}