{
  "experiment_id": "expE16_lc2_signature",
  "task": "E16",
  "tier": 4,
  "title": "Memorization-Optimization Signature (LC2) across λ grid",
  "generated_utc": "2026-04-23T20:19:34+00:00",
  "seed": 42,
  "lambdas": [
    0.1,
    0.5,
    1.0,
    2.0,
    5.0
  ],
  "band_A": [
    15,
    100
  ],
  "M_definition": "H_cond(root_{i+1} | root_i) on verse-final roots (lower = more predictable = easier memorization)",
  "V_definition": "Shannon entropy of verse-final letter distribution (higher = more positional variety)",
  "n_quran_units_bandA": 68,
  "n_ctrl_units_bandA": 2509,
  "n_lambda_at_5pct": 2,
  "n_lambda_at_10pct": 3,
  "per_lambda": {
    "0.1": {
      "lambda": 0.1,
      "n_pool": 2577,
      "L_q_mean": 0.7963576405960793,
      "L_q_median": 0.782169732312844,
      "L_ctrl_mean": 0.8140960162331163,
      "L_ctrl_median": 0.8367440216450664,
      "quran_median_rank": 1147.5,
      "quran_median_pct": 44.567326348467205,
      "quran_min_rank": 20,
      "quran_max_rank": 2574,
      "quran_mean_pct": 47.28252185623958,
      "frac_quran_in_bottom5": 0.029411764705882353,
      "frac_quran_in_bottom10": 0.10294117647058823
    },
    "0.5": {
      "lambda": 0.5,
      "n_pool": 2577,
      "L_q_mean": 0.5133840920718037,
      "L_q_median": 0.5009358346737394,
      "L_ctrl_mean": 0.7697747241867631,
      "L_ctrl_median": 0.7850415744414152,
      "quran_median_rank": 597.5,
      "quran_median_pct": 23.22467986030268,
      "quran_min_rank": 0,
      "quran_max_rank": 2522,
      "quran_mean_pct": 30.357917322924518,
      "frac_quran_in_bottom5": 0.14705882352941177,
      "frac_quran_in_bottom10": 0.3382352941176471
    },
    "1.0": {
      "lambda": 1.0,
      "n_pool": 2577,
      "L_q_mean": 0.15966715641645904,
      "L_q_median": 0.1382551640982051,
      "L_ctrl_mean": 0.7143731091288216,
      "L_ctrl_median": 0.7256025296523007,
      "quran_median_rank": 164.0,
      "quran_median_pct": 6.402793946449359,
      "quran_min_rank": 1,
      "quran_max_rank": 1979,
      "quran_mean_pct": 15.192083818393478,
      "frac_quran_in_bottom5": 0.4264705882352941,
      "frac_quran_in_bottom10": 0.6029411764705882
    },
    "2.0": {
      "lambda": 2.0,
      "n_pool": 2577,
      "L_q_mean": -0.54776671489423,
      "L_q_median": -0.6358253290475211,
      "L_ctrl_mean": 0.6035698790129386,
      "L_ctrl_median": 0.6186200215653096,
      "quran_median_rank": 37.5,
      "quran_median_pct": 1.4939852541715173,
      "quran_min_rank": 0,
      "quran_max_rank": 823,
      "quran_mean_pct": 3.994042320071218,
      "frac_quran_in_bottom5": 0.7794117647058824,
      "frac_quran_in_bottom10": 0.8676470588235294
    },
    "5.0": {
      "lambda": 5.0,
      "n_pool": 2577,
      "L_q_mean": -2.6700683288262983,
      "L_q_median": -2.726777928988472,
      "L_ctrl_mean": 0.27116018866528946,
      "L_ctrl_median": 0.3158509673030325,
      "quran_median_rank": 35.5,
      "quran_median_pct": 1.4163756305781918,
      "quran_min_rank": 0,
      "quran_max_rank": 186,
      "quran_mean_pct": 1.6754548152206166,
      "frac_quran_in_bottom5": 0.9705882352941176,
      "frac_quran_in_bottom10": 1.0
    }
  },
  "verdict": "WEAK_LC2",
  "pre_registered_criteria": {
    "null": "Quran median L-rank > 5th pct for every λ in grid",
    "LC2_SIGNATURE": "Quran median L-rank <= 5th pct for >= 3 of 5 λ values",
    "WEAK_LC2": "Quran median L-rank <= 10th pct for >= 3 of 5 λ values",
    "NULL_NO_LC2": "fewer λ meet 10th-pct threshold",
    "side_effects": "no mutation of any pinned artefact; outputs under expE16 only"
  }
}