{
  "viable_at_N": [
    3,
    5,
    7,
    10,
    15
  ],
  "results_by_N": {
    "3": {
      "quran_n": 114,
      "quran_mean": 0.036241920590951056,
      "controls": {
        "poetry": {
          "n": 400,
          "mean": 0.005679824561403508,
          "sd": 0.00823087924851944
        },
        "ksucca": {
          "n": 400,
          "mean": 0.0043421052631578945,
          "sd": 0.010934553231843775
        },
        "hindawi": {
          "n": 400,
          "mean": 0.0064912280701754374,
          "sd": 0.013754168807347412
        }
      },
      "z": {
        "poetry": 3.713102222347026,
        "ksucca": 2.9173405306486617,
        "hindawi": 2.1630309281127147
      }
    },
    "5": {
      "quran_n": 109,
      "quran_mean": 0.058412591532699266,
      "controls": {
        "poetry": {
          "n": 400,
          "mean": 0.0022247706422018347,
          "sd": 0.0062212615665828514
        },
        "ksucca": {
          "n": 400,
          "mean": 0.005229357798165139,
          "sd": 0.012255731843056237
        },
        "hindawi": {
          "n": 400,
          "mean": 0.006490825688073395,
          "sd": 0.012996995997707097
        }
      },
      "z": {
        "poetry": 9.03157989567696,
        "ksucca": 4.339458011613259,
        "hindawi": 3.994905119135668
      }
    },
    "7": {
      "quran_n": 103,
      "quran_mean": 0.06164577245734754,
      "controls": {
        "poetry": {
          "n": 400,
          "mean": 0.0018932038834951453,
          "sd": 0.00560091540078805
        },
        "ksucca": {
          "n": 400,
          "mean": 0.0037135922330097083,
          "sd": 0.00880905133366349
        },
        "hindawi": {
          "n": 400,
          "mean": 0.0044660194174757275,
          "sd": 0.01088306362820984
        }
      },
      "z": {
        "poetry": 10.668357634083385,
        "ksucca": 6.576438032884652,
        "hindawi": 5.254012564224743
      }
    },
    "10": {
      "quran_n": 95,
      "quran_mean": 0.06936288088642659,
      "controls": {
        "poetry": {
          "n": 400,
          "mean": 0.002263157894736842,
          "sd": 0.0066971442826193614
        },
        "ksucca": {
          "n": 315,
          "mean": 0.0029741019214703426,
          "sd": 0.007966573785660618
        },
        "hindawi": {
          "n": 400,
          "mean": 0.0035263157894736843,
          "sd": 0.007835994800630814
        }
      },
      "z": {
        "poetry": 10.019154457494524,
        "ksucca": 8.33341669218608,
        "hindawi": 8.40181326966334
      }
    },
    "15": {
      "quran_n": 86,
      "quran_mean": 0.07382368848025961,
      "controls": {
        "poetry": {
          "n": 400,
          "mean": 0.003313953488372093,
          "sd": 0.012505632406900526
        },
        "ksucca": {
          "n": 203,
          "mean": 0.0014892885783022109,
          "sd": 0.006476726241945456
        },
        "hindawi": {
          "n": 253,
          "mean": 0.0022520452247449213,
          "sd": 0.005928634610478233
        }
      },
      "z": {
        "poetry": 5.638238251188377,
        "ksucca": 11.168358395866033,
        "hindawi": 12.072196712716853
      }
    }
  }
}