{
  "experiment_id": "expE9_takens_rqa",
  "task": "E9",
  "tier": 2,
  "title": "3-D Takens embedding + RQA (RR, DET, LAM, L_max, ENTR)",
  "generated_utc": "2026-04-23T18:58:04+00:00",
  "seed": 42,
  "series": "verse-length of canonical Quran (6236 verses, stride-subsampled for RQA)",
  "n_orig": 6236,
  "n_rqa": 1248,
  "embed_dim": 3,
  "tau_ami_first_min": 2,
  "ami_values_lags_1_to_50": [
    0.42688249823286173,
    0.3830073660933614,
    0.3863571448090562,
    0.3417331270750782,
    0.3529552026778737,
    0.3600261867640435,
    0.3286020888309718,
    0.33987910381484054,
    0.31524280164294227,
    0.3215120415031887,
    0.3241151912310728,
    0.3094416487719859,
    0.32125734951852697,
    0.30858629401752447,
    0.29663531856163683,
    0.30369633957660735,
    0.30740279168032814,
    0.2976903742342264,
    0.2854000600721263,
    0.293719713564388,
    0.2804099489616445,
    0.2892135755255767,
    0.28068748572250335,
    0.2875201863733253,
    0.274256069349206,
    0.2858519133438923,
    0.2737616252733192,
    0.2717100341788259,
    0.2725565229488132,
    0.2657166729935001,
    0.27329981306711926,
    0.2728809176965461,
    0.26307061023557693,
    0.25829971078348035,
    0.2657416503417837,
    0.2583293982034876,
    0.2586597373305106,
    0.2577214776499945,
    0.24992799067090968,
    0.2534306779806408,
    0.25072416648286366,
    0.24856146887501288,
    0.2425504065292991,
    0.24350007882539887,
    0.2370635740894295,
    0.23275127342827306,
    0.2317898043493762,
    0.23867956139009638,
    0.23834471926204592,
    0.23212371787469613
  ],
  "rr_target": 0.05,
  "epsilon": 3.0,
  "metrics_observed": {
    "RR": 0.056515845648816655,
    "DET": 0.37370408513559905,
    "LAM": 0.512610138459778,
    "L_max": 36,
    "V_max": 56,
    "ENTR": 3.1816357433745868
  },
  "n_surr": 200,
  "surrogate_types": [
    "AR1",
    "IAAFT"
  ],
  "summary": {
    "RR": {
      "obs": 0.056515845648816655,
      "ar1_null": {
        "mean": 0.006359807850005044,
        "sd": 0.00047922979197137684,
        "p2.5": 0.005514353045867145,
        "p97.5": 0.007262955509050037,
        "n": 200
      },
      "iaaft_null": {
        "mean": 0.03885019776342372,
        "sd": 0.002630866995182906,
        "p2.5": 0.034442427432852266,
        "p97.5": 0.04430101171059542,
        "n": 200
      },
      "p_vs_ar1": 0.004975124378109453,
      "p_vs_iaaft": 0.004975124378109453,
      "outside_95_ar1": true,
      "outside_95_iaaft": true
    },
    "DET": {
      "obs": 0.37370408513559905,
      "ar1_null": {
        "mean": 0.016414609577665006,
        "sd": 0.002920515925266217,
        "p2.5": 0.010692099527116892,
        "p97.5": 0.022148900252562574,
        "n": 200
      },
      "iaaft_null": {
        "mean": 0.15686120402569478,
        "sd": 0.03444461153487387,
        "p2.5": 0.10632665348565273,
        "p97.5": 0.23626101028237564,
        "n": 200
      },
      "p_vs_ar1": 0.004975124378109453,
      "p_vs_iaaft": 0.004975124378109453,
      "outside_95_ar1": true,
      "outside_95_iaaft": true
    },
    "LAM": {
      "obs": 0.512610138459778,
      "ar1_null": {
        "mean": 0.034391991998986994,
        "sd": 0.007913002669494974,
        "p2.5": 0.020599545973041002,
        "p97.5": 0.050331383642915985,
        "n": 200
      },
      "iaaft_null": {
        "mean": 0.2741430304881512,
        "sd": 0.04912941852594005,
        "p2.5": 0.18956788520537773,
        "p97.5": 0.3824127154345774,
        "n": 200
      },
      "p_vs_ar1": 0.004975124378109453,
      "p_vs_iaaft": 0.004975124378109453,
      "outside_95_ar1": true,
      "outside_95_iaaft": true
    },
    "L_max": {
      "obs": 36.0,
      "ar1_null": {
        "mean": 4.135,
        "sd": 0.8347304954295129,
        "p2.5": 3.0,
        "p97.5": 6.0,
        "n": 200
      },
      "iaaft_null": {
        "mean": 17.355,
        "sd": 5.733147041547077,
        "p2.5": 10.0,
        "p97.5": 30.025000000000006,
        "n": 200
      },
      "p_vs_ar1": 0.004975124378109453,
      "p_vs_iaaft": 0.01990049751243781,
      "outside_95_ar1": true,
      "outside_95_iaaft": true
    },
    "V_max": {
      "obs": 56.0,
      "ar1_null": {
        "mean": 3.13,
        "sd": 0.7022107945624305,
        "p2.5": 2.0,
        "p97.5": 5.0,
        "n": 200
      },
      "iaaft_null": {
        "mean": 20.57,
        "sd": 8.169155403100126,
        "p2.5": 9.0,
        "p97.5": 42.025000000000006,
        "n": 200
      },
      "p_vs_ar1": 0.004975124378109453,
      "p_vs_iaaft": 0.004975124378109453,
      "outside_95_ar1": true,
      "outside_95_iaaft": true
    },
    "ENTR": {
      "obs": 3.1816357433745868,
      "ar1_null": {
        "mean": 0.8396963466144521,
        "sd": 0.20428328441335647,
        "p2.5": 0.4537163391869448,
        "p97.5": 1.2354559154922768,
        "n": 200
      },
      "iaaft_null": {
        "mean": 2.1058384983517313,
        "sd": 0.24645659149157495,
        "p2.5": 1.711854924279429,
        "p97.5": 2.638635619166821,
        "n": 200
      },
      "p_vs_ar1": 0.004975124378109453,
      "p_vs_iaaft": 0.009950248756218905,
      "outside_95_ar1": true,
      "outside_95_iaaft": true
    }
  },
  "verdict": "STRUCTURED_DYNAMICS",
  "pre_registered_criteria": {
    "STRUCTURED_DYNAMICS": "DET or LAM outside 95% CI on BOTH surrogate types",
    "PARTIAL_DYNAMICS": "DET or LAM outside 95% CI on exactly one type",
    "NULL_NO_DYNAMICS": "DET and LAM inside both bands"
  }
}