surah_no,verse_no,text,n_letters_aligned,ctc_mean_score,t_start,t_end,char_count,word_count,syllable_count,madd_count,emphatic_count,ghunnah_count,syllable_count_full,madd_count_full,emphatic_count_full,Duration_s,Mean_Pitch_Hz,Pitch_Variance,Pitch_Range_Hz,Pitch_Voiced_Frames,Pitch_Total_Frames,Mean_Intensity_dB,HNR_dB,Mean_RMS,Spectral_Centroid_Hz,Spectral_Rolloff85_Hz,Silence_before_s
103,-1,أَعُوذُ بِاللَّهِ مِنَ الشَّيْطَانِ الرَّجِيمِ,46,-12.277615547180176,0.0,1.78,46,5,14,0,1,0,14,3,1,1.78,188.6386981889159,17.665893207986784,94.06430773510635,148.0,175.0,74.08694992766459,12.170977830993163,0.15197090804576874,2242.310443168216,3955.636160714286,0.0
103,1,بِسْمِ ٱللَّهِ ٱلرَّحْمَـٰنِ ٱلرَّحِيمِ وَٱلْعَصْرِ,50,-6.073550224304199,1.8,7.28,51,5,14,1,1,0,14,2,1,5.48,175.36888659966345,21.57680964275044,115.45395970995857,391.0,545.0,67.65062045030439,11.045004964786262,0.13044758141040802,2008.34327712305,3647.1202761627906,0.020000000000000018
103,2,إِنَّ ٱلْإِنسَـٰنَ لَفِى خُسْرٍ,30,-3.8611104488372803,7.42,13.24,31,4,9,1,0,2,10,1,1,5.82,192.7028132577102,11.484909691535075,45.181131403200084,446.0,579.0,69.32642399975795,13.830276651287072,0.11469163745641708,2298.47605958011,4060.8688186813188,0.13999999999999968
103,3,إِلَّا ٱلَّذِينَ ءَامَنُوا۟ وَعَمِلُوا۟ ٱلصَّـٰلِحَـٰتِ وَتَوَاصَوْا۟ بِٱلْحَقِّ وَتَوَاصَوْا۟ بِٱلصَّبْرِ,100,-2.655686378479004,13.36,27.4025,106,9,32,2,5,0,32,9,5,14.0425,177.0137414945167,26.35595337118713,312.12736172776056,1102.0,1401.0,71.0483021972394,12.265977765672254,0.13143616914749146,2001.3757663058484,3528.75854214123,0.11999999999999922
