surah_no,verse_no,text,n_letters_aligned,ctc_mean_score,t_start,t_end,char_count,word_count,syllable_count,madd_count,emphatic_count,ghunnah_count,syllable_count_full,madd_count_full,emphatic_count_full,Duration_s,Mean_Pitch_Hz,Pitch_Variance,Pitch_Range_Hz,Pitch_Voiced_Frames,Pitch_Total_Frames,Mean_Intensity_dB,HNR_dB,Mean_RMS,Spectral_Centroid_Hz,Spectral_Rolloff85_Hz,Silence_before_s
105,-1,أَعُوذُ بِاللَّهِ مِنَ الشَّيْطَانِ الرَّجِيمِ,46,-8.619379043579102,0.12,2.56,46,5,14,0,1,0,14,3,1,2.44,191.88621332976697,17.69866694862925,66.73365060701855,218.0,241.0,76.0286326941917,13.11362209499917,0.16751150786876678,2163.0528286353474,3827.820616883117,0.0
105,1,بِسْمِ ٱللَّهِ ٱلرَّحْمَـٰنِ ٱلرَّحِيمِ أَلَمْ تَرَ كَيْفَ فَعَلَ رَبُّكَ بِأَصْحَـٰبِ ٱلْفِيلِ,93,-3.353165864944458,2.6,12.56,95,11,30,2,1,0,30,4,1,9.96,188.88054270736106,17.521772064948333,186.70105848548025,750.0,993.0,69.33277163626126,10.790379611782832,0.1412791758775711,2007.9002034491207,3470.127203525641,0.040000000000000036
105,2,أَلَمْ يَجْعَلْ كَيْدَهُمْ فِى تَضْلِيلٍۢ,40,-1.682884931564331,12.66,18.46,41,5,10,0,1,1,11,1,1,5.8,195.61916400346212,32.3082372550845,172.665198887075,481.0,577.0,71.38330881516457,12.04327587543411,0.14749358594417572,2013.3572140905487,3365.5133928571427,0.09999999999999964
105,3,وَأَرْسَلَ عَلَيْهِمْ طَيْرًا أَبَابِيلَ,40,-1.360920786857605,18.580000000000002,24.44,40,4,12,0,1,1,13,2,1,5.86,175.97854599803964,22.821146931321795,101.71887826072425,486.0,583.0,72.3264920844757,11.25612027939525,0.14537866413593292,1869.77912919574,3401.282269021739,0.120000000000001
105,4,تَرْمِيهِم بِحِجَارَةٍۢ مِّن سِجِّيلٍۢ,36,-1.4390220642089844,24.54,32.0,38,4,10,0,0,3,12,3,0,7.46,198.30429326416225,20.52164965849607,166.85307432231824,662.0,743.0,71.56309725022162,14.073140161973404,0.11753412336111069,2030.4673578289562,3505.508814102564,0.09999999999999787
105,5,فَجَعَلَهُمْ كَعَصْفٍۢ مَّأْكُولٍۭ,32,-1.408355951309204,32.1,37.8775625,34,3,9,0,1,3,11,1,1,5.7775625,181.41189765229518,14.282651773814235,134.03841214391502,437.0,574.0,69.74447091562851,12.718950953642372,0.12933625280857086,1744.0380976244853,3174.033149171271,0.10000000000000142
