surah_no,verse_no,text,n_letters_aligned,ctc_mean_score,t_start,t_end,char_count,word_count,syllable_count,madd_count,emphatic_count,ghunnah_count,syllable_count_full,madd_count_full,emphatic_count_full,Duration_s,Mean_Pitch_Hz,Pitch_Variance,Pitch_Range_Hz,Pitch_Voiced_Frames,Pitch_Total_Frames,Mean_Intensity_dB,HNR_dB,Mean_RMS,Spectral_Centroid_Hz,Spectral_Rolloff85_Hz,Silence_before_s
106,-1,أَعُوذُ بِاللَّهِ مِنَ الشَّيْطَانِ الرَّجِيمِ,46,-11.911931991577148,0.0,1.68,46,5,14,0,1,0,14,3,1,1.68,204.84384161682874,12.371744491650809,78.74222360460854,142.0,165.0,75.51136233000666,13.535934447852336,0.16583731770515442,2318.2246698569393,3997.051886792453,0.0
106,1,بِسْمِ ٱللَّهِ ٱلرَّحْمَـٰنِ ٱلرَّحِيمِ لِإِيلَـٰفِ قُرَيْشٍ,58,-4.533625602722168,1.7,8.58,60,6,18,2,1,1,19,4,1,6.88,186.4495570075634,14.610092210149514,204.37861250673726,531.0,685.0,70.58393325199656,12.104326949071835,0.12143679708242416,2043.3821763052692,3632.306134259259,0.020000000000000018
106,2,إِۦلَـٰفِهِمْ رِحْلَةَ ٱلشِّتَآءِ وَٱلصَّيْفِ,44,-2.5549139976501465,8.700000000000001,16.38,46,4,15,2,1,0,15,3,1,7.6799375,185.210539361489,19.78163784204865,192.82972091477814,593.0,764.0,72.74812606812802,11.564399758160729,0.1472669392824173,2533.70093658079,4175.520833333333,0.120000000000001
106,3,فَلْيَعْبُدُوا۟ رَبَّ هَـٰذَا ٱلْبَيْتِ,37,-2.094238758087158,16.48,21.66,39,4,11,1,0,0,11,3,0,5.18,185.3417581831704,22.075818794543046,144.77331036012356,446.0,515.0,71.9269504545577,12.217170745862362,0.15129946172237396,1964.7735823696928,3550.395447530864,0.10000000000000142
106,4,ٱلَّذِىٓ أَطْعَمَهُم مِّن جُوعٍۢ وَءَامَنَهُم مِّنْ خَوْفٍۭ,57,-2.743419647216797,21.78,33.880875,59,7,16,1,1,4,18,3,2,12.100875,185.39403198091702,14.73849291544907,60.26588698756683,1073.0,1207.0,71.94463188909218,15.493878081496492,0.12456680089235306,1906.299216982206,3529.0855870712403,0.120000000000001
