surah_no,verse_no,text,n_letters_aligned,ctc_mean_score,t_start,t_end,char_count,word_count,syllable_count,madd_count,emphatic_count,ghunnah_count,syllable_count_full,madd_count_full,emphatic_count_full,Duration_s,Mean_Pitch_Hz,Pitch_Variance,Pitch_Range_Hz,Pitch_Voiced_Frames,Pitch_Total_Frames,Mean_Intensity_dB,HNR_dB,Mean_RMS,Spectral_Centroid_Hz,Spectral_Rolloff85_Hz,Silence_before_s
108,-1,أَعُوذُ بِاللَّهِ مِنَ الشَّيْطَانِ الرَّجِيمِ,46,-13.478937149047852,0.0,1.6400000000000001,46,5,14,0,1,0,14,3,1,1.64,201.12253296864023,16.381025814088105,102.70690661004059,139.0,161.0,75.00511745760429,11.783872139926276,0.14949887990951538,2165.9656910725516,3778.996394230769,0.0
108,1,بِسْمِ ٱللَّهِ ٱلرَّحْمَـٰنِ ٱلرَّحِيمِ إِنَّآ أَعْطَيْنَـٰكَ ٱلْكَوْثَرَ,72,-4.494621753692627,1.6600000000000001,12.120000000000001,74,7,22,3,1,1,22,5,1,10.46,191.05276482983066,27.38150028676264,280.1814593597585,894.0,1043.0,72.79839467689143,14.186284837953146,0.15921521186828613,1904.2530372367478,3366.685779816514,0.020000000000000018
108,2,فَصَلِّ لِرَبِّكَ وَٱنْحَرْ,27,-1.0049245357513428,12.22,16.080000000000002,27,3,9,0,1,0,9,0,1,3.86,182.80723836773637,14.46670735585473,77.15058944078888,311.0,383.0,70.67155112827311,9.638385519938117,0.11879073083400726,1862.3435938989824,3362.474173553719,0.09999999999999964
108,3,إِنَّ شَانِئَكَ هُوَ ٱلْأَبْتَرُ,32,-2.719186544418335,16.240000000000002,21.3159375,32,4,11,0,0,1,11,2,0,5.0759375,175.00762548678145,11.567467093396523,60.10577797312695,372.0,504.0,70.39298527011846,11.365834604735237,0.12751971185207367,1896.980471905144,3432.1442610062895,0.16000000000000014
