surah_no,verse_no,text,n_letters_aligned,ctc_mean_score,t_start,t_end,char_count,word_count,syllable_count,madd_count,emphatic_count,ghunnah_count,syllable_count_full,madd_count_full,emphatic_count_full,Duration_s,Mean_Pitch_Hz,Pitch_Variance,Pitch_Range_Hz,Pitch_Voiced_Frames,Pitch_Total_Frames,Mean_Intensity_dB,HNR_dB,Mean_RMS,Spectral_Centroid_Hz,Spectral_Rolloff85_Hz,Silence_before_s
111,-1,أَعُوذُ بِاللَّهِ مِنَ الشَّيْطَانِ الرَّجِيمِ,46,-10.892782211303711,0.0,2.08,46,5,14,0,1,0,14,3,1,2.08,190.95312985767893,16.846429734939786,66.0457146916159,181.0,205.0,75.15696162764566,12.268635495627962,0.15009716153144836,2086.021322777793,3703.3617424242425,0.0
111,1,بِسْمِ ٱللَّهِ ٱلرَّحْمَـٰنِ ٱلرَّحِيمِ تَبَّتْ يَدَآ أَبِى لَهَبٍۢ وَتَبَّ,74,-5.006587982177734,2.1,12.42,76,9,23,2,0,1,24,4,0,10.32,181.75036778618423,23.211311234137746,367.36499873436037,813.0,1029.0,71.27017674732484,12.552382711453827,0.1601942479610443,1912.6935111118983,3441.5392801857583,0.020000000000000018
111,2,مَآ أَغْنَىٰ عَنْهُ مَالُهُۥ وَمَا كَسَبَ,41,-1.7567330598831177,12.58,19.54,42,6,15,2,0,0,15,5,1,6.96,184.42964818057575,20.290910896452434,407.1253926719533,616.0,693.0,74.31753699267479,12.127878601338312,0.1616857796907425,1808.3798791587253,3273.2941513761466,0.16000000000000014
111,3,سَيَصْلَىٰ نَارًۭا ذَاتَ لَهَبٍۢ,30,-2.4321062564849854,19.66,24.76,32,4,9,1,1,2,11,3,1,5.1,179.20145627592012,21.862685640548353,216.4828437961232,425.0,507.0,73.11055119834003,11.781901098821255,0.14690062403678894,1972.4943823332858,3662.353515625,0.120000000000001
111,4,وَٱمْرَأَتُهُۥ حَمَّالَةَ ٱلْحَطَبِ,34,-1.5705502033233643,24.900000000000002,30.14,35,3,12,0,1,1,12,1,1,5.24,158.53534892883997,12.174706719479973,62.7253104796483,428.0,521.0,71.65516430691555,10.841209328741316,0.1216065064072609,1778.886601328817,3326.5053353658536,0.14000000000000057
111,5,فِى جِيدِهَا حَبْلٌۭ مِّن مَّسَدٍۭ,32,-2.457982063293457,30.28,36.127375,34,5,8,0,0,4,10,2,0,5.847375,148.96376516235065,12.91286180333228,62.269673078496666,461.0,581.0,68.65469117572003,12.345828111163843,0.10265327244997025,2127.2786980369483,3702.1431010928964,0.14000000000000057
