surah_no,verse_no,text,n_letters_aligned,ctc_mean_score,t_start,t_end,char_count,word_count,syllable_count,madd_count,emphatic_count,ghunnah_count,syllable_count_full,madd_count_full,emphatic_count_full,Duration_s,Mean_Pitch_Hz,Pitch_Variance,Pitch_Range_Hz,Pitch_Voiced_Frames,Pitch_Total_Frames,Mean_Intensity_dB,HNR_dB,Mean_RMS,Spectral_Centroid_Hz,Spectral_Rolloff85_Hz,Silence_before_s
112,-1,أَعُوذُ بِاللَّهِ مِنَ الشَّيْطَانِ الرَّجِيمِ,46,-13.467040061950684,0.0,1.46,46,5,14,0,1,0,14,3,1,1.46,197.01921589824252,14.587588399979696,88.59208181885055,119.0,143.0,73.86798343916335,12.040312917127308,0.13541385531425476,2191.7825856697164,3849.3546195652175,0.0
112,1,بِسْمِ ٱللَّهِ ٱلرَّحْمَـٰنِ ٱلرَّحِيمِ قُلْ هُوَ ٱللَّهُ أَحَدٌ,63,-4.022101402282715,1.48,8.08,64,8,18,1,1,1,19,3,1,6.6,180.2615694882932,11.53415402602558,95.39680280972962,541.0,657.0,70.26976422082406,11.4801340854709,0.12257015705108643,1607.6718441775267,2866.7346014492755,0.020000000000000018
112,2,ٱللَّهُ ٱلصَّمَدُ,17,-1.0400055646896362,8.2,10.78,17,2,5,0,1,0,5,0,1,2.58,182.73817220008982,8.821389318769292,45.17517084121576,196.0,255.0,70.23556507251318,11.579106087790125,0.12824676930904388,1958.130976294153,3610.6288580246915,0.11999999999999922
112,3,لَمْ يَلِدْ وَلَمْ يُولَدْ,26,-0.9384052753448486,10.94,14.200000000000001,26,4,7,0,0,0,7,1,0,3.26,174.6623396870009,11.865865634681093,59.261354875698885,287.0,323.0,71.63660752889517,12.194824526092761,0.1255517303943634,1737.4525253261666,3309.819240196078,0.16000000000000014
112,4,وَلَمْ يَكُن لَّهُۥ كُفُوًا أَحَدٌۢ,33,-1.0331515073776245,14.34,18.9126875,35,5,10,0,0,2,12,1,0,4.5726875,155.0279153249224,14.495774233243937,66.61683196318364,381.0,454.0,69.87427813062132,12.352329024159499,0.10620880872011185,1591.4472599502546,3005.5725524475524,0.1399999999999988
