surah_no,verse_no,text,n_letters_aligned,ctc_mean_score,t_start,t_end,char_count,word_count,syllable_count,madd_count,emphatic_count,ghunnah_count,syllable_count_full,madd_count_full,emphatic_count_full,Duration_s,Mean_Pitch_Hz,Pitch_Variance,Pitch_Range_Hz,Pitch_Voiced_Frames,Pitch_Total_Frames,Mean_Intensity_dB,HNR_dB,Mean_RMS,Spectral_Centroid_Hz,Spectral_Rolloff85_Hz,Silence_before_s
113,-1,أَعُوذُ بِاللَّهِ مِنَ الشَّيْطَانِ الرَّجِيمِ,46,-13.033860206604004,0.0,1.52,46,5,14,0,1,0,14,3,1,1.52,198.189210072409,14.005657401793647,74.41287162086661,122.0,149.0,73.5660517337926,12.597170835885537,0.13774405419826508,2164.276795246605,3878.90625,0.0
113,1,بِسْمِ ٱللَّهِ ٱلرَّحْمَـٰنِ ٱلرَّحِيمِ قُلْ أَعُوذُ بِرَبِّ ٱلْفَلَقِ,69,-3.7288131713867188,1.54,8.88,70,8,21,1,2,0,21,3,2,7.34,188.02817903451378,48.272949379534644,415.65909344203243,589.0,731.0,69.18349919870394,11.418052129539989,0.11579623818397522,1599.4588544484116,2879.2459239130435,0.020000000000000018
113,2,مِن شَرِّ مَا خَلَقَ,20,-0.9562574625015259,9.02,12.5,20,4,7,0,1,0,7,1,2,3.48,186.33904137833505,18.551820814610707,141.4722313253808,277.0,345.0,72.13211650594276,11.458152706567477,0.12510259449481964,1879.9599014896892,3346.831995412844,0.1399999999999988
113,3,وَمِن شَرِّ غَاسِقٍ إِذَا وَقَبَ,32,-0.9937589168548584,12.66,17.94,32,5,11,0,2,1,12,2,3,5.28,188.910122960495,13.940612049930685,76.26855086680393,454.0,525.0,72.300480476453,11.836585863101474,0.1200573593378067,1841.793046003426,3285.7680722891564,0.16000000000000014
113,4,وَمِن شَرِّ ٱلنَّفَّـٰثَـٰتِ فِى ٱلْعُقَدِ,40,-2.1520161628723145,18.080000000000002,24.44,42,5,14,2,1,1,14,2,1,6.36,189.07436706766495,12.316903568129478,51.67282947656582,552.0,633.0,71.9422285786048,12.267045587915025,0.1212836429476738,1897.3353923229067,3341.669283919598,0.14000000000000057
113,5,وَمِن شَرِّ حَاسِدٍ إِذَا حَسَدَ,32,-0.9921327829360962,24.560000000000002,29.9625,32,5,11,0,0,1,12,2,0,5.4025,167.66788469899393,15.744300089973073,89.83991039095316,395.0,537.0,70.78966376937662,9.70411150087637,0.11322125047445297,2080.288665336325,3613.2119082840236,0.120000000000001
