{
  "experiment": "exp172_saj_rhyme",
  "frozen_at": "2026-05-01",
  "verdict": "PASS_SAJ_QURAN_REFERENCE",
  "audit": {
    "N_verses_classified": 6236,
    "N_dropped": 0,
    "class_counts": [
      1216,
      3789,
      517,
      417,
      165,
      58,
      74
    ]
  },
  "alpha_per_test": 0.01,
  "observed": {
    "T1_density": 0.860785886126704,
    "T2_mean_run": 7.176064441887227,
    "T3_max_run": 220,
    "T4_within_surah_purity": 0.7904334057749846,
    "T5_entropy_bits": 1.7327548536191055
  },
  "shuffle_null": {
    "n_perm": 5000,
    "T1": {
      "obs": 0.860785886126704,
      "null_mean": 0.41938880513231763,
      "null_std": 0.004641524519527022,
      "p": 0.0001999600079984003,
      "pass": true
    },
    "T2": {
      "obs": 7.176064441887227,
      "null_mean": 1.7222335062835679,
      "null_std": 0.013765603628235463,
      "p": 0.0001999600079984003,
      "pass": true
    },
    "T3": {
      "obs": 220,
      "null_mean": 16.3872,
      "null_std": 2.6554992299000952,
      "p": 0.0001999600079984003,
      "pass": true
    },
    "T4": {
      "obs": 0.7904334057749846,
      "null_mean": 0.6132167665126049,
      "null_std": 0.0077397574828444015,
      "p": 0.0001999600079984003,
      "pass": true
    },
    "T5": {
      "obs": 1.7327548536191055,
      "null_mean": 1.7327548536191053,
      "null_std": 2.220446049250313e-16,
      "p": 1.0,
      "pass": false
    }
  },
  "n_pass": 4
}