{
  "exp": "exp17_R9_cross_scale_VIS",
  "schema_version": 3,
  "seed": 42,
  "fast_mode": true,
  "runtime_seconds": 4.98,
  "per_scale": {
    "L1_letter": {
      "quran": 0.0011606780502550866,
      "control": 0.0015333669636637243,
      "log_ratio": -0.27814086333444044,
      "log_ratio_ci95": [
        -3.215289092731141,
        -2.130498696481934
      ],
      "ratio": 0.7569473433318876
    },
    "L2_word": {
      "quran": 9.928904387631486e-05,
      "control": 0.00037660805200606293,
      "log_ratio": -1.3303833937694753,
      "log_ratio_ci95": [
        -6.908754779315219,
        -6.4281678512483795
      ],
      "ratio": 0.26364025698281185
    },
    "L3_verse": {
      "quran": 0.0005576644740023913,
      "control": 0.000977181887508265,
      "log_ratio": -0.5601640817747896,
      "log_ratio_ci95": [
        -6.320119501003198,
        -5.237992771443201
      ],
      "ratio": 0.5706864613032322
    },
    "L4_block": {
      "quran": 0.000388792320504705,
      "control": 0.000802527584092114,
      "log_ratio": -0.7236583793574158,
      "log_ratio_ci95": [
        -6.760464919469948,
        -5.916251176742882
      ],
      "ratio": 0.4844597590500014
    }
  },
  "VIS_log": -0.7230866795590303,
  "VIS": 0.4852521241253763,
  "verdict_expected": "VIS_log > 0 at every scale; VIS > 1"
}