{
  "experiment": "exp159_paradigm_battery",
  "schema_version": 1,
  "hypothesis": "Five buried-finding promotions: A1 RQA chaos signature, A2 PC4+PC5 null subspace concentration, B1 VL_CV floor analytic match to 1/sqrt(26), B2 verse-length 1/f noise.",
  "verdict": "BATTERY_FAIL_0_OF_4",
  "components": {
    "A1": "PARTIAL_ONE_NULL_ONLY",
    "A2": "PARTIAL_FRACTION_OK_PERM_INDETERMINATE",
    "B1": "FAIL_NO_ANALYTIC_MATCH_WITHIN_1PCT",
    "B2": "FAIL_QURAN_NOT_PINK"
  },
  "completed_at_utc": "2026-04-30T20:38:19Z",
  "wall_time_s": 184.30423617362976,
  "frozen_constants": {
    "RQA_M": 3,
    "RQA_TAU": 1,
    "RQA_REC_RATE": 0.05,
    "RQA_LMIN": 2,
    "RQA_NMAX": 1500,
    "RQA_N_NULL": 80,
    "RQA_N_IAAFT": 40,
    "A2_BOTTOM_K": 2,
    "A2_PASS_FRAC": 0.5,
    "A2_PASS_VAR": 0.05,
    "A2_N_PERM": 10000,
    "B1_QURAN_PCT": 5,
    "B1_PASS_REL_TOL": 0.01,
    "B2_BAND_LO": 0.8,
    "B2_BAND_HI": 1.2,
    "SEED": 42
  },
  "results": {
    "A1_rqa_chaos": {
      "per_corpus": {
        "quran": {
          "N": 1498,
          "RR": 0.06314453562220124,
          "DET": 0.7522210138274883,
          "LAM": 0.5346887755822658,
          "L_mean": 3.3937424329318806,
          "L_max": 43.0,
          "ENTR": 1.5851361030012276,
          "ar1_null": {
            "n": 80,
            "DET_mean": 0.6177229923109762,
            "DET_std": 0.004682741648109079,
            "z_DET": 28.72206746037832
          },
          "iaaft_null": {
            "n": 40,
            "DET_mean": 0.7243546305538665,
            "DET_std": 0.03684458648272202,
            "z_DET": 0.7563223239508878
          }
        },
        "poetry_jahili": {
          "N": 1498,
          "RR": 0.7505451490430795,
          "DET": 0.9945053835121104,
          "LAM": 0.9986180279032406,
          "L_mean": 10.35019354200418,
          "L_max": 90.0,
          "ENTR": 3.1104511889318136,
          "ar1_null": {
            "n": 50,
            "DET_mean": 0.6010204162797923,
            "DET_std": 0.004851670540174817,
            "z_DET": 81.10298586312085
          },
          "iaaft_null": {
            "n": 30,
            "DET_mean": 0.9926953209097592,
            "DET_std": 0.0022736215964885903,
            "z_DET": 0.7961142721139935
          }
        },
        "poetry_islami": {
          "N": 1498,
          "RR": 0.7368943494465566,
          "DET": 0.9938989040780882,
          "LAM": 0.9983709432432268,
          "L_mean": 9.866801235146403,
          "L_max": 133.0,
          "ENTR": 2.9637515285184057,
          "ar1_null": {
            "n": 50,
            "DET_mean": 0.6005449584878704,
            "DET_std": 0.004807840753277775,
            "z_DET": 81.81509450412774
          },
          "iaaft_null": {
            "n": 30,
            "DET_mean": 0.9936243388865702,
            "DET_std": 0.002461583226979165,
            "z_DET": 0.111540080590723
          }
        },
        "poetry_abbasi": {
          "N": 1498,
          "RR": 0.6899406289213942,
          "DET": 0.9904394789024791,
          "LAM": 0.9976977706767598,
          "L_mean": 8.04867851590403,
          "L_max": 89.0,
          "ENTR": 2.800891031305927,
          "ar1_null": {
            "n": 50,
            "DET_mean": 0.6009845198740662,
            "DET_std": 0.004885273372201513,
            "z_DET": 79.720197695489
          },
          "iaaft_null": {
            "n": 30,
            "DET_mean": 0.9958701266448817,
            "DET_std": 0.0023825356927351057,
            "z_DET": -2.279356300500317
          }
        },
        "ksucca": {
          "N": 1498,
          "RR": 0.052203204807478774,
          "DET": 0.7266328395947586,
          "LAM": 0.6012676609775682,
          "L_mean": 3.1844863731656186,
          "L_max": 34.0,
          "ENTR": 1.4747678501056005,
          "ar1_null": {
            "n": 50,
            "DET_mean": 0.6033612727701287,
            "DET_std": 0.004787642128740725,
            "z_DET": 25.747865757262325
          },
          "iaaft_null": {
            "n": 30,
            "DET_mean": 0.6534757063810288,
            "DET_std": 0.012370413283125641,
            "z_DET": 5.913879475112013
          }
        },
        "arabic_bible": {
          "N": 1498,
          "RR": 0.07864683528160014,
          "DET": 0.6879443883741764,
          "LAM": 0.3096855402968826,
          "L_mean": 2.80181969333087,
          "L_max": 13.0,
          "ENTR": 1.2378154178129392,
          "ar1_null": {
            "n": 50,
            "DET_mean": 0.6051592357494362,
            "DET_std": 0.005543389843817815,
            "z_DET": 14.934030432130822
          },
          "iaaft_null": {
            "n": 30,
            "DET_mean": 0.6715308503115224,
            "DET_std": 0.03404640276403613,
            "z_DET": 0.4820931649199643
          }
        },
        "hindawi": {
          "N": 1498,
          "RR": 0.08802473661163003,
          "DET": 0.6849581551804494,
          "LAM": 0.4978824292285558,
          "L_mean": 2.77896986886998,
          "L_max": 15.0,
          "ENTR": 1.2190758857171393,
          "ar1_null": {
            "n": 50,
            "DET_mean": 0.5993906113167635,
            "DET_std": 0.004441964863536726,
            "z_DET": 19.263444554929773
          },
          "iaaft_null": {
            "n": 30,
            "DET_mean": 0.688788551424117,
            "DET_std": 0.015174798256265016,
            "z_DET": -0.25241826474273815
          }
        },
        "hadith_bukhari": {
          "N": 1498,
          "RR": 0.05316106177642334,
          "DET": 0.6380123139899676,
          "LAM": 0.4148170516885601,
          "L_mean": 2.6672745125543553,
          "L_max": 13.0,
          "ENTR": 1.1214439516299586,
          "ar1_null": {
            "n": 50,
            "DET_mean": 0.6010821893326244,
            "DET_std": 0.005286128349478371,
            "z_DET": 6.986233064315865
          },
          "iaaft_null": {
            "n": 30,
            "DET_mean": 0.6233124156024968,
            "DET_std": 0.011316024705622735,
            "z_DET": 1.299033783495245
          }
        },
        "iliad_greek": {
          "N": 1498,
          "RR": 0.20486812521348885,
          "DET": 0.8374290950724612,
          "LAM": 0.5139067254656979,
          "L_mean": 3.475177945586588,
          "L_max": 29.0,
          "ENTR": 1.6694787699693525,
          "ar1_null": {
            "n": 50,
            "DET_mean": 0.6013514130553103,
            "DET_std": 0.004870155339763096,
            "z_DET": 48.474363864671865
          },
          "iaaft_null": {
            "n": 30,
            "DET_mean": 0.8313502066032743,
            "DET_std": 0.01144045771748147,
            "z_DET": 0.5313501102231369
          }
        }
      },
      "verdicts": {
        "ar1_z_quran": 28.72206746037832,
        "iaaft_z_quran": 0.7563223239508878,
        "ar1_z_pass": true,
        "iaaft_z_pass": false,
        "quran_DET_rank1_pass": false
      },
      "component_verdict": "PARTIAL_ONE_NULL_ONLY"
    },
    "A2_pc4_pc5_subspace": {
      "eigvals": [
        0.2743866793683146,
        0.05936872189555246,
        0.024597709098589483,
        0.0044601872951787165,
        0.0015828208920877476
      ],
      "var_explained": [
        0.7529901264051847,
        0.16292358472926874,
        0.06750266494738484,
        0.012239941832887853,
        0.004343682085273822
      ],
      "cum_var_explained": [
        0.7529901264051847,
        0.9159137111344534,
        0.9834163760818383,
        0.9956563179147262,
        1.0
      ],
      "quran_centroid_proj_sq_per_pc": [
        11.50978352813746,
        16.64752667077853,
        0.1641525244848123,
        30.93543225445404,
        2.3601291043130517
      ],
      "T2_total": 61.617024082167895,
      "bottom_k": 2,
      "bottom_T2": 33.29556135876709,
      "bottom_var_frac": 0.016583623918161674,