{
  "experiment": "exp169_phoneme_class_markov",
  "frozen_at": "2026-05-01",
  "verdict": "PASS_MARKOV_STRUCTURE_QURAN_REFERENCE",
  "audit": {
    "N": 581995,
    "class_counts": [
      207359,
      8893,
      54217,
      61793,
      59610,
      44400,
      64937,
      80786
    ]
  },
  "alpha_per_test": 0.0125,
  "stats": {
    "H_0_bits": 2.6535377471103985,
    "H_1_bits": 2.054237601744126,
    "I_bits": 0.5993001453662723,
    "P_max_off_diag": 0.8513049503425976,
    "spectral_gap": 0.4917472973560816,
    "stationary_pi": [
      0.35626440781600766,
      0.01529223533940659,
      0.09316091100111953,
      0.10617689548516229,
      0.10242635102573547,
      0.07629495347663086,
      0.11157839401624062,
      0.13880585183969707
    ],
    "P_matrix": [
      [
        0.0014997637028249567,
        2.4111956637057185e-05,
        0.17947976042359887,
        0.1557535950927346,
        0.10660378268375723,
        0.16108233750952422,
        0.17888660629032724,
        0.21667004234059586
      ],
      [
        0.00011234692731153803,
        0.00011234692731153803,
        0.35276935175822943,
        0.1069542748005842,
        0.058982136838557464,
        0.1675092686215032,
        0.1604314122008763,
        0.15312886192562633
      ],
      [
        0.00036883356385431073,
        0.00012909174734900876,
        0.10876901798063623,
        0.08846473029045643,
        0.3188381742738589,
        0.08243430152143845,
        0.19356385431074227,
        0.20743199631166437
      ],
      [
        0.6163330690441903,
        0.027410559699681234,
        0.0003074383909645475,
        0.13951230562612255,
        0.018349217650199836,
        0.040144981472791705,
        0.06483713855762852,
        0.09310528955842139
      ],
      [
        0.5770572645845214,
        0.03505652655238351,
        0.0002348284075279278,
        0.04134657318259586,
        0.19829581669965446,
        0.007715790533060485,
        0.08229058338085812,
        0.05800261665939817
      ],
      [
        0.4578904701855522,
        0.006350207169879301,
        0.087484237074401,
        0.2182489641506035,
        0.06962709421725816,
        0.0260989010989011,
        0.06100252206809584,
        0.07329760403530895
      ],
      [
        0.8513049503425976,
        0.020925398414042652,
        0.00012318115328354762,
        0.025098159981522827,
        0.026345369158518747,
        0.004988836707983679,
        0.029024559242435907,
        0.04218954499961506
      ],
      [
        0.72926207391638,
        0.04286209371983068,
        0.05004084461717454,
        0.016647275787806025,
        0.023999306879223706,
        0.007673837166126197,
        0.029940342104611727,
        0.09957422580884719
      ]
    ]
  },
  "shuffle_null": {
    "n_perm": 2000,
    "T1_H1": {
      "null_mean": 2.6535586236954822,
      "null_std": 1.2516017054389226e-05,
      "z": -47884.32448972902,
      "p": 0.0004997501249375312,
      "pass": true
    },
    "T2_I": {
      "null_mean": -2.087658508405954e-05,
      "null_std": 1.2516017054389226e-05,
      "z": 47884.32448972905,
      "p": 0.0004997501249375312,
      "pass": true
    },
    "T3_Pmax": {
      "null_mean": 0.3597331988356138,
      "null_std": 0.0021400724090690094,
      "z": 229.69865385107744,
      "p": 0.0004997501249375312,
      "pass": true
    },
    "T4_gap": {
      "null_mean": 0.996352003046529,
      "null_std": 0.0006980883159397121,
      "z": -722.8379191695651,
      "p": 0.0004997501249375312,
      "pass": true
    }
  },
  "n_pass": 4
}