{
  "experiment": "expP4_rigveda_deepdive",
  "schema_version": 1,
  "seed": 42,
  "n_perm": 5000,
  "title": "Per-maṇḍala R3 + diacritic-capacity + Hurst on the Rigveda Saṃhitā: triangulating the double-extreme signal observed in expP4_cross_tradition_R3 and expP4_diacritic_capacity_cross_tradition.",
  "n_sukta_total": 1024,
  "n_rc_total": 18079,
  "mandalas_present": [
    1,
    2,
    3,
    4,
    5,
    6,
    7,
    8,
    9,
    10
  ],
  "per_mandala_R3": {
    "m01": {
      "n_units": 189,
      "canonical_path_cost": 485.85461849619765,
      "perm_mean": 534.4260245183315,
      "perm_std": 9.462418492672583,
      "z_path": -5.133085802508744,
      "pct_perms_below_canon": 0.0,
      "p_one_sided": 0.0001999600079984003,
      "n_perm": 5000,
      "seed": 43
    },
    "m02": {
      "n_units": 43,
      "canonical_path_cost": 112.45650773597488,
      "perm_mean": 126.52385475562917,
      "perm_std": 4.529514566605341,
      "z_path": -3.1057074246693746,
      "pct_perms_below_canon": 0.0012,
      "p_one_sided": 0.0012,
      "n_perm": 5000,
      "seed": 44
    },
    "m03": {
      "n_units": 62,
      "canonical_path_cost": 157.76431333563917,
      "perm_mean": 179.71808025027315,
      "perm_std": 5.818984851553361,
      "z_path": -3.772782963814295,
      "pct_perms_below_canon": 0.0002,
      "p_one_sided": 0.0002,
      "n_perm": 5000,
      "seed": 45
    },
    "m04": {
      "n_units": 58,
      "canonical_path_cost": 149.35451609057742,
      "perm_mean": 168.06543431768054,
      "perm_std": 5.584594090449293,
      "z_path": -3.35045267821744,
      "pct_perms_below_canon": 0.0006,
      "p_one_sided": 0.0006,
      "n_perm": 5000,
      "seed": 46
    },
    "m05": {
      "n_units": 86,
      "canonical_path_cost": 221.26841167985273,
      "perm_mean": 253.19082776797322,
      "perm_std": 7.0350376962428856,
      "z_path": -4.53763255670526,
      "pct_perms_below_canon": 0.0,
      "p_one_sided": 0.0001999600079984003,
      "n_perm": 5000,
      "seed": 47
    },
    "m06": {
      "n_units": 75,
      "canonical_path_cost": 169.4550694980091,
      "perm_mean": 211.93497005260434,
      "perm_std": 6.350876414377675,
      "z_path": -6.688824940511438,
      "pct_perms_below_canon": 0.0,
      "p_one_sided": 0.0001999600079984003,
      "n_perm": 5000,
      "seed": 48
    },
    "m07": {
      "n_units": 104,
      "canonical_path_cost": 258.2705582435471,
      "perm_mean": 298.5893929121215,
      "perm_std": 7.575128000052398,
      "z_path": -5.322528499623443,
      "pct_perms_below_canon": 0.0,
      "p_one_sided": 0.0001999600079984003,
      "n_perm": 5000,
      "seed": 49
    },
    "m08": {
      "n_units": 102,
      "canonical_path_cost": 258.0868298848943,
      "perm_mean": 288.19977725531487,
      "perm_std": 7.296337008152811,
      "z_path": -4.127132194794844,
      "pct_perms_below_canon": 0.0,
      "p_one_sided": 0.0001999600079984003,
      "n_perm": 5000,
      "seed": 50
    },
    "m09": {
      "n_units": 114,
      "canonical_path_cost": 266.0976689971359,
      "perm_mean": 315.5283527850628,
      "perm_std": 7.518946164493239,
      "z_path": -6.5741505134527625,
      "pct_perms_below_canon": 0.0,
      "p_one_sided": 0.0001999600079984003,
      "n_perm": 5000,
      "seed": 51
    },
    "m10": {
      "n_units": 191,
      "canonical_path_cost": 462.049984805461,
      "perm_mean": 540.6241053707115,
      "perm_std": 9.561534792194278,
      "z_path": -8.217730968190986,
      "pct_perms_below_canon": 0.0,
      "p_one_sided": 0.0001999600079984003,
      "n_perm": 5000,
      "seed": 52
    }
  },
  "per_mandala_A2_devanagari": {
    "m01": {
      "n_pairs": 100071,
      "n_distinct_base_letters": 44,
      "n_distinct_diacritic_strings": 66,
      "n_distinct_primitive_diacritics": 17,
      "H_diacritic_marginal_bits": 4.0787401353293,
      "H_base_letter_marginal_bits": 4.310118012683439,
      "H_diacritic_given_base_bits": 3.7510394013252633,
      "H_max_combinations_bits": 6.044394119358453,
      "H_max_primitives_bits": 4.087462841250339,
      "ratio_R_combinations": 0.6205815384062672,
      "ratio_R_primitives": 0.9176938230410517,
      "redundancy_combinations": 0.3794184615937328,
      "redundancy_primitives": 0.08230617695894826
    },
    "m02": {
      "n_pairs": 24708,
      "n_distinct_base_letters": 42,
      "n_distinct_diacritic_strings": 63,
      "n_distinct_primitive_diacritics": 17,
      "H_diacritic_marginal_bits": 4.059946289969391,
      "H_base_letter_marginal_bits": 4.312888138902236,
      "H_diacritic_given_base_bits": 3.681348763913796,
      "H_max_combinations_bits": 5.977279923499917,
      "H_max_primitives_bits": 4.087462841250339,
      "ratio_R_combinations": 0.6158903064653916,
      "ratio_R_primitives": 0.9006439708177716,
      "redundancy_combinations": 0.38410969353460844,
      "redundancy_primitives": 0.09935602918222841
    },
    "m03": {
      "n_pairs": 31827,
      "n_distinct_base_letters": 44,
      "n_distinct_diacritic_strings": 65,
      "n_distinct_primitive_diacritics": 17,
      "H_diacritic_marginal_bits": 4.123803789871401,
      "H_base_letter_marginal_bits": 4.30830944579928,
      "H_diacritic_given_base_bits": 3.7405394806881396,
      "H_max_combinations_bits": 6.022367813028454,
      "H_max_primitives_bits": 4.087462841250339,
      "ratio_R_combinations": 0.621107776346052,
      "ratio_R_primitives": 0.9151250117649811,
      "redundancy_combinations": 0.37889222365394803,
      "redundancy_primitives": 0.08487498823501893
    },
    "m04": {
      "n_pairs": 29896,
      "n_distinct_base_letters": 43,
      "n_distinct_diacritic_strings": 63,
      "n_distinct_primitive_diacritics": 17,
      "H_diacritic_marginal_bits": 4.098595376466679,
      "H_base_letter_marginal_bits": 4.332236837833819,
      "H_diacritic_given_base_bits": 3.718218073384666,
      "H_max_combinations_bits": 5.977279923499917,
      "H_max_primitives_bits": 4.087462841250339,
      "ratio_R_combinations": 0.6220585485324758,
      "ratio_R_primitives": 0.9096640673673446,
      "redundancy_combinations": 0.3779414514675242,
      "redundancy_primitives": 0.09033593263265538
    },
    "m05": {
      "n_pairs": 35788,
      "n_distinct_base_letters": 44,
      "n_distinct_diacritic_strings": 68,
      "n_distinct_primitive_diacritics": 17,
      "H_diacritic_marginal_bits": 4.087252664553755,
      "H_base_letter_marginal_bits": 4.284991628355884,
      "H_diacritic_given_base_bits": 3.7249051991520465,
      "H_max_combinations_bits": 6.087462841250339,
      "H_max_primitives_bits": 4.087462841250339,
      "ratio_R_combinations": 0.6118978129790057,
      "ratio_R_primitives": 0.911300076311547,
      "redundancy_combinations": 0.3881021870209943,
      "redundancy_primitives": 0.08869992368845303
    },
    "m06": {
      "n_pairs": 39001,
      "n_distinct_base_letters": 43,
      "n_distinct_diacritic_strings": 66,
      "n_distinct_primitive_diacritics": 17,
      "H_diacritic_marginal_bits": 4.065536152546142,
      "H_base_letter_marginal_bits": 4.297028697854648,
      "H_diacritic_given_base_bits": 3.707126260464265,
      "H_max_combinations_bits": 6.044394119358453,
      "H_max_primitives_bits": 4.087462841250339,
      "ratio_R_combinations": 0.6133164362316162,
      "ratio_R_primitives": 0.9069504493232945,
      "redundancy_combinations": 0.38668356376838375,
      "redundancy_primitives": 0.0930495506767055
    },
    "m07": {
      "n_pairs": 44379,
      "n_distinct_base_letters": 42,
      "n_distinct_diacritic_strings": 65,
      "n_distinct_primitive_diacritics": 17,
      "H_diacritic_marginal_bits": 4.09743956564357,
      "H_base_letter_marginal_bits": 4.286391775639535,
      "H_diacritic_given_base_bits": 3.7128503881384343,
      "H_max_combinations_bits": 6.022367813028454,
      "H_max_primitives_bits": 4.087462841250339,
      "ratio_R_combinations": 0.6165100677023182,