{
  "experiment": "exp101_self_similarity",
  "prereg_sha256": "d35855af07155a8dc9032fc84ebd91b3fa78a808f4fa7ebf9ec3705f74131b2a",
  "hypothesis": "H56",
  "primary_cosine_distance": {
    "distances": {
      "quran": 0.20822247008013173,
      "poetry_jahili": 0.010769910799137361,
      "poetry_islami": 0.015356658353980479,
      "poetry_abbasi": 0.019252001182183398,
      "ksucca": 0.030061987526014744,
      "arabic_bible": 0.003855729285338283,
      "hindawi": 0.006364378684550864
    },
    "ranks": {
      "quran": 7,
      "poetry_jahili": 3,
      "poetry_islami": 4,
      "poetry_abbasi": 5,
      "ksucca": 6,
      "arabic_bible": 1,
      "hindawi": 2
    },
    "quran_rank": 7,
    "quran_distance": 0.20822247008013173,
    "ratio_to_next": null,
    "split_info": {
      "quran": {
        "n_short": 57,
        "n_long": 57,
        "median_nv": 39.0,
        "mu_short": [
          0.6880932061066941,
          0.43708494566896616,
          0.09593494640875892,
          0.4825417787361325,
          -0.5624898621370571
        ],
        "mu_long": [
          0.7244334015843488,
          0.4921521675502859,
          0.07829976462647319,
          1.243958577591251,
          -0.022460296735271272
        ]
      },
      "poetry_jahili": {
        "n_short": 67,
        "n_long": 66,
        "median_nv": 13.0,
        "mu_short": [
          0.09865660873123556,
          0.19507358035813516,
          0.023342163640671106,
          0.2719391745978914,
          -2.015260808915142
        ],
        "mu_long": [
          0.10074163328286213,
          0.08115763661353413,
          0.03044644031119317,
          0.7039426630708824,
          -2.586869920725955
        ]
      },
      "poetry_islami": {
        "n_short": 239,
        "n_long": 226,
        "median_nv": 13.0,
        "mu_short": [
          0.10029675113357114,
          0.1798849254781815,
          0.02798577526611,
          0.2481106077977324,
          -1.9965303041520281
        ],
        "mu_long": [
          0.10099828167420752,
          0.08623002564758701,
          0.029182510523210393,
          0.7463923452911333,
          -2.500877944855597
        ]
      },
      "poetry_abbasi": {
        "n_short": 1461,
        "n_long": 1362,
        "median_nv": 13.0,
        "mu_short": [
          0.10119751341517272,
          0.1843522668396523,
          0.02600419961816266,
          0.21833085819032585,
          -2.0481569020774044
        ],
        "mu_long": [
          0.09666471186641516,
          0.07566566864180164,
          0.023350284308606386,
          0.7787233746115437,
          -2.581105486704782
        ]
      },
      "ksucca": {
        "n_short": 21,
        "n_long": 20,
        "median_nv": 21.0,
        "mu_short": [
          0.11874587053158481,
          0.9714096999165223,
          0.011401098901098902,
          0.6962376035973159,
          -1.940623622425446
        ],
        "mu_long": [
          0.1710990204935859,
          0.9941258711080593,
          0.011217632820437713,
          1.435744228198248,
          -2.0868212975717637
        ]
      },
      "arabic_bible": {
        "n_short": 605,
        "n_long": 578,
        "median_nv": 24.0,
        "mu_short": [
          0.13227699653300876,
          0.33425594635784295,
          0.02821086092591048,
          0.9537984966267082,
          -1.9012462265487857
        ],
        "mu_long": [
          0.13463767133970725,
          0.35935298445680813,
          0.03443251247429425,
          0.934188388606799,
          -2.3542559819330195
        ]
      },
      "hindawi": {
        "n_short": 38,
        "n_long": 36,
        "median_nv": 27.0,
        "mu_short": [
          0.07008430121107326,
          0.3853161928545448,
          0.01744027748182873,
          0.6204899433077493,
          -2.64258754654702
        ],
        "mu_long": [
          0.06015224310243469,
          0.3766759817679255,
          0.010812605161264165,
          0.9309354581728968,
          -2.5952349944671957
        ]
      }
    }
  },
  "secondary_feature_cv": {
    "mean_cvs": {
      "quran": 1.1885754484202369,
      "poetry_jahili": 0.946921958106584,
      "poetry_islami": 0.9996614701958894,
      "poetry_abbasi": 1.0231145744436554,
      "ksucca": 0.8230954949744111,
      "arabic_bible": 0.6471796702443658,
      "hindawi": 0.6530938164658574
    },
    "ranks": {
      "quran": 7,
      "poetry_jahili": 4,
      "poetry_islami": 5,
      "poetry_abbasi": 6,
      "ksucca": 3,
      "arabic_bible": 1,
      "hindawi": 2
    },
    "quran_rank": 7
  },
  "audit": {
    "a2_feature_success_rate": 1.0,
    "failures": []
  },
  "verdict": "FAIL_not_rank_1",
  "wall_time_s": 12.06064486503601
}