{
  "experiment": "exp48_verse_graph_topology",
  "schema_version": 1,
  "seed": 42,
  "hadith_policy": "quarantined (not in control pool)",
  "prereg": {
    "metrics": [
      "clustering",
      "avg_path_norm",
      "modularity",
      "n_communities",
      "bc_cv",
      "small_world_sigma"
    ],
    "fire_rule": "|d| > 0.3 AND p < 0.01",
    "promote_rule": "n_fires >= 3 of 6",
    "min_verses_per_unit": 5,
    "control_corpora": [
      "arabic_bible",
      "hindawi",
      "ksucca",
      "poetry_abbasi",
      "poetry_jahili"
    ]
  },
  "corpus_means": {
    "arabic_bible": {
      "clustering": 0.0,
      "avg_path_norm": 0.34982228664504106,
      "modularity": 0.5872358326222529,
      "n_communities": 5.010143702451395,
      "bc_cv": 0.5216546628224203,
      "small_world_sigma": 0.0
    },
    "hadith_bukhari": {
      "clustering": 0.0,
      "avg_path_norm": 0.3454883303556875,
      "modularity": 0.6768495244614285,
      "n_communities": 8.010526315789473,
      "bc_cv": 0.5029968081282072,
      "small_world_sigma": 0.0
    },
    "hindawi": {
      "clustering": 0.0,
      "avg_path_norm": 0.3481500444749084,
      "modularity": 0.5894274833077493,
      "n_communities": 5.418918918918919,
      "bc_cv": 0.5117895479252358,
      "small_world_sigma": 0.0
    },
    "iliad_greek": {
      "clustering": 0.0,
      "avg_path_norm": 0.33387343258651986,
      "modularity": 0.9187866117135292,
      "n_communities": 23.583333333333332,
      "bc_cv": 0.4493930463014731,
      "small_world_sigma": 0.0
    },
    "ksucca": {
      "clustering": 0.0,
      "avg_path_norm": 0.3550434120054239,
      "modularity": 0.5426873318964578,
      "n_communities": 5.804878048780488,
      "bc_cv": 0.5547876656206956,
      "small_world_sigma": 0.0
    },
    "poetry_abbasi": {
      "clustering": 0.0,
      "avg_path_norm": 0.36262789322076777,
      "modularity": 0.4753477577881664,
      "n_communities": 4.520014169323415,
      "bc_cv": 0.5968657115756537,
      "small_world_sigma": 0.0
    },
    "poetry_islami": {
      "clustering": 0.0,
      "avg_path_norm": 0.36358734367204537,
      "modularity": 0.4635685883224535,
      "n_communities": 4.15268817204301,
      "bc_cv": 0.6014145818153847,
      "small_world_sigma": 0.0
    },
    "poetry_jahili": {
      "clustering": 0.0,
      "avg_path_norm": 0.36351084737938283,
      "modularity": 0.45376292836450277,
      "n_communities": 4.052631578947368,
      "bc_cv": 0.6009056994198004,
      "small_world_sigma": 0.0
    },
    "quran": {
      "clustering": 0.0,
      "avg_path_norm": 0.34832728465190466,
      "modularity": 0.643933857857497,
      "n_communities": 7.018348623853211,
      "bc_cv": 0.5192532494631109,
      "small_world_sigma": 0.0
    }
  },
  "n_units_used_per_corpus": {
    "arabic_bible": 1183,
    "hadith_bukhari": 95,
    "hindawi": 74,
    "iliad_greek": 24,
    "ksucca": 41,
    "poetry_abbasi": 2823,
    "poetry_islami": 465,
    "poetry_jahili": 133,
    "quran": 109
  },
  "n_units_skipped_per_corpus": {
    "arabic_bible": 0,
    "hadith_bukhari": 0,
    "hindawi": 0,
    "iliad_greek": 0,
    "ksucca": 0,
    "poetry_abbasi": 0,
    "poetry_islami": 0,
    "poetry_jahili": 0,
    "quran": 5
  },
  "contrasts_quran_vs_pooled_ctrl": {
    "clustering": {
      "n_quran": 109,
      "n_ctrl": 4254,
      "ctrl_breakdown": {
        "arabic_bible": 1183,
        "hindawi": 74,
        "ksucca": 41,
        "poetry_abbasi": 2823,
        "poetry_jahili": 133
      },
      "quran_mean": 0.0,
      "ctrl_mean": 0.0,
      "cohens_d": 0.0,
      "mw_p": 1.0,
      "fires_prereg": false,
      "quran_rank_high_mean": 1,
      "n_corpora_in_ranking": 6,
      "per_corpus_contrast": {
        "arabic_bible": {
          "n": 1183,
          "mean": 0.0,
          "cohens_d_vs_quran": 0.0,
          "mw_p_vs_quran": 1.0
        },
        "hindawi": {
          "n": 74,
          "mean": 0.0,
          "cohens_d_vs_quran": 0.0,
          "mw_p_vs_quran": 1.0
        },
        "ksucca": {
          "n": 41,
          "mean": 0.0,
          "cohens_d_vs_quran": 0.0,
          "mw_p_vs_quran": 1.0
        },
        "poetry_abbasi": {
          "n": 2823,
          "mean": 0.0,
          "cohens_d_vs_quran": 0.0,
          "mw_p_vs_quran": 1.0
        },
        "poetry_jahili": {
          "n": 133,
          "mean": 0.0,
          "cohens_d_vs_quran": 0.0,
          "mw_p_vs_quran": 1.0
        }
      }
    },
    "avg_path_norm": {
      "n_quran": 109,
      "n_ctrl": 4254,
      "ctrl_breakdown": {
        "arabic_bible": 1183,
        "hindawi": 74,
        "ksucca": 41,
        "poetry_abbasi": 2823,
        "poetry_jahili": 133
      },
      "quran_mean": 0.34832728465190466,
      "ctrl_mean": 0.3587694249055323,
      "cohens_d": -0.5499983756570271,
      "mw_p": 2.5498212970118777e-13,
      "fires_prereg": true,
      "quran_rank_high_mean": 5,
      "n_corpora_in_ranking": 6,
      "per_corpus_contrast": {
        "arabic_bible": {
          "n": 1183,
          "mean": 0.34982228664504106,
          "cohens_d_vs_quran": -0.14017270531475945,
          "mw_p_vs_quran": 1.7339695856559143e-08
        },
        "hindawi": {
          "n": 74,
          "mean": 0.3481500444749084,
          "cohens_d_vs_quran": 0.013631536510195458,
          "mw_p_vs_quran": 7.866566691656622e-05
        },
        "ksucca": {
          "n": 41,
          "mean": 0.3550434120054239,
          "cohens_d_vs_quran": -0.39254317056677346,
          "mw_p_vs_quran": 0.024033316996124605
        },
        "poetry_abbasi": {
          "n": 2823,
          "mean": 0.36262789322076777,
          "cohens_d_vs_quran": -0.6961349805452081,
          "mw_p_vs_quran": 3.5252444276878e-15
        },
        "poetry_jahili": {
          "n": 133,
          "mean": 0.36351084737938283,
          "cohens_d_vs_quran": -0.8270070492177981,
          "mw_p_vs_quran": 1.0674861246298396e-12
        }
      }
    },
    "modularity": {
      "n_quran": 109,
      "n_ctrl": 4254,
      "ctrl_breakdown": {
        "arabic_bible": 1183,
        "hindawi": 74,
        "ksucca": 41,
        "poetry_abbasi": 2823,
        "poetry_jahili": 133
      },
      "quran_mean": 0.643933857857497,
      "ctrl_mean": 0.5084214842673075,
      "cohens_d": 0.6720875125496218,
      "mw_p": 1.0607971734383431e-13,
      "fires_prereg": true,
      "quran_rank_high_mean": 1,
      "n_corpora_in_ranking": 6,
      "per_corpus_contrast": {
        "arabic_bible": {
          "n": 1183,
          "mean": 0.5872358326222529,
          "cohens_d_vs_quran": 0.4658721653789726,
          "mw_p_vs_quran": 6.8945790898415485e-09
        },
        "hindawi": {
          "n": 74,
          "mean": 0.5894274833077493,
          "cohens_d_vs_quran": 0.3637507207025915,
          "mw_p_vs_quran": 3.0461741328380456e-05
        },
        "ksucca": {
          "n": 41,
          "mean": 0.5426873318964578,
          "cohens_d_vs_quran": 0.4988789306573694,
          "mw_p_vs_quran": 0.018410003593860403
        },
        "poetry_abbasi": {
          "n": 2823,
          "mean": 0.4753477577881664,
          "cohens_d_vs_quran": 0.7663195599753966,
          "mw_p_vs_quran": 1.738269482456012e-15
        },
        "poetry_jahili": {
          "n": 133,
          "mean": 0.45376292836450277,
          "cohens_d_vs_quran": 0.9583853926861098,
          "mw_p_vs_quran": 7.8948216013698e-13
        }
      }
    },
    "n_communities": {
      "n_quran": 109,
      "n_ctrl": 4254,
      "ctrl_breakdown": {
        "arabic_bible": 1183,
        "hindawi": 74,
        "ksucca": 41,
        "poetry_abbasi": 2823,
        "poetry_jahili": 133
      },
      "quran_mean": 7.018348623853211,
      "ctrl_mean": 4.669722614010343,
      "cohens_d": 0.936693591090282,
      "mw_p": 1.190480418110781e-12,
      "fires_prereg": true,
      "quran_rank_high_mean": 1,
      "n_corpora_in_ranking": 6,