{
  "experiment": "exp65_dual_state_bic",
  "hypothesis": "H27 — Dual-state law: are short (≤7v) and long (>7v) Quran surahs distinct structural regimes (bimodal in 5-D)?",
  "schema_version": 1,
  "data": {
    "n_quran": 114,
    "n_short": 13,
    "n_long": 101,
    "primary_threshold": 7,
    "feat_cols": [
      "EL",
      "VL_CV",
      "CN",
      "H_cond",
      "T"
    ]
  },
  "T2_quran_bic": {
    "bic_1": 160.7152071476095,
    "bic_2": 37.07272707497603,
    "delta_bic": 123.64248007263348,
    "n": 114,
    "d": 5,
    "gmm2_means": [
      [
        0.8539888002389868,
        0.5170720476489125,
        0.07494641213389955,
        1.2225251911552977,
        0.6672577833257148
      ],
      [
        0.5905203522489997,
        0.4235212374423351,
        0.09665329173267159,
        0.5817581442647517,
        -1.0444259409473862
      ]
    ],
    "gmm2_weights": [
      0.4393047914447818,
      0.5606952085552183
    ],
    "gmm2_labels": [
      1,
      0,
      0,
      0,
      0,
      0,
      0,
      1,
      0,
      0,
      1,
      0,
      1,
      1,
      0,
      0,
      0,
      0,
      0,
      0,
      0,
      1,
      0,
      0,
      0,
      0,
      0,
      0,
      0,
      0,
      1,
      1,
      0,
      1,
      1,
      0,
      0,
      1,
      1,
      1,
      1,
      1,
      0,
      0,
      0,
      1,
      0,
      0,
      1,
      1,
      1,
      1,
      0,
      0,
      0,
      1,
      1,
      1,
      1,
      1,
      1,
      1,
      0,
      1,
      0,
      1,
      1,
      1,
      1,
      1,
      0,
      0,
      0,
      0,
      1,
      0,
      1,
      0,
      1,
      1,
      1,
      1,
      1,
      1,
      1,
      1,
      1,
      1,
      1,
      1,
      0,
      0,
      1,
      1,
      1,
      1,
      0,
      1,
      1,
      1,
      1,
      1,
      1,
      0,
      0,
      1,
      1,
      1,
      1,
      1,
      1,
      0,
      1,
      0
    ],
    "gmm2_converged": true
  },
  "T3_control_bic": {
    "poetry_jahili": {
      "n": 133,
      "skipped": false,
      "bic_1": -488.5884567343528,
      "bic_2": -1044.0375465684394,
      "delta_bic": 555.4490898340866
    },
    "poetry_islami": {
      "n": 465,
      "skipped": false,
      "bic_1": -1701.2125205768668,
      "bic_2": -3995.1149630946948,
      "delta_bic": 2293.9024425178277
    },
    "poetry_abbasi": {
      "n": 2823,
      "skipped": false,
      "bic_1": -11214.093461624956,
      "bic_2": -25650.654635216873,
      "delta_bic": 14436.561173591917
    },
    "ksucca": {
      "n": 41,
      "skipped": false,
      "bic_1": -72.29788072257206,
      "bic_2": -163.34594005499315,
      "delta_bic": 91.04805933242109
    },
    "arabic_bible": {
      "n": 1183,
      "skipped": false,
      "bic_1": -6540.124432141258,
      "bic_2": -10886.690531404423,
      "delta_bic": 4346.566099263166
    },
    "hindawi": {
      "n": 74,
      "skipped": false,
      "bic_1": -573.4837350315943,
      "bic_2": -788.2811689819055,
      "delta_bic": 214.7974339503112
    }
  },
  "T4_centroids": {
    "mu_comp0": [
      0.8539888002389868,
      0.5170720476489125,
      0.07494641213389955,
      1.2225251911552977,
      0.6672577833257148
    ],
    "mu_comp1": [
      0.5905203522489997,
      0.4235212374423351,
      0.09665329173267159,
      0.5817581442647517,
      -1.0444259409473862
    ],
    "weights": [
      0.4393047914447818,
      0.5606952085552183
    ],
    "mahalanobis_dist": 4.286343080077649,
    "euclidean_dist": 1.8490760249705092,
    "short_comp": 1,
    "agreement_with_threshold": 0.4825,
    "comp0_median_nv": 75.0,
    "comp1_median_nv": 25.5
  },
  "T5_threshold_sensitivity": {
    "thr_5": {
      "threshold": 5,
      "n_short": 9,
      "n_long": 105,
      "mu_short": {
        "EL": 0.75,
        "VL_CV": 0.3836172944689408,
        "CN": 0.1111111111111111,
        "H_cond": 0.05555555555555555,
        "T": -0.4624613359810238
      },
      "mu_long": {
        "EL": 0.7025144441751373,
        "VL_CV": 0.4715615219359705,
        "CN": 0.08506074789531645,
        "H_cond": 0.9324811458158181,
        "T": -0.2779048288751762
      },
      "euclidean_dist": 0.9020683354097206,
      "cohen_d_EL": 0.1635,
      "cohen_d_VL_CV": -0.5302,
      "cohen_d_CN": 0.1577,
      "cohen_d_H_cond": -2.3653,
      "cohen_d_T": -0.2038
    },
    "thr_7": {
      "threshold": 7,
      "n_short": 13,
      "n_long": 101,
      "mu_short": {
        "EL": 0.6756410256410258,
        "VL_CV": 0.41274016398875624,
        "CN": 0.07692307692307693,
        "H_cond": 0.14479660253081844,
        "T": -0.4473726940440307
      },
      "mu_long": {
        "EL": 0.710204785198575,
        "VL_CV": 0.4712959734816192,
        "CN": 0.08842949038622008,
        "H_cond": 0.9557244007699034,
        "T": -0.27253776270445856
      },
      "euclidean_dist": 0.8324223573549093,
      "cohen_d_EL": -0.1166,
      "cohen_d_VL_CV": -0.3504,
      "cohen_d_CN": -0.0802,
      "cohen_d_H_cond": -2.1067,
      "cohen_d_T": -0.1939
    },
    "thr_9": {
      "threshold": 9,
      "n_short": 19,
      "n_long": 95,
      "mu_short": {
        "EL": 0.6822055137844611,
        "VL_CV": 0.4116138775205553,
        "CN": 0.11278195488721804,
        "H_cond": 0.2902014466092064,
        "T": -0.43865798439480674
      },
      "mu_long": {
        "EL": 0.7110748618577333,
        "VL_CV": 0.47521949242744027,
        "CN": 0.08198443564369563,
        "H_cond": 0.9778599244745889,
        "T": -0.2632384984444356
      },
      "euclidean_dist": 0.7137743193255421,
      "cohen_d_EL": -0.1102,
      "cohen_d_VL_CV": -0.3927,
      "cohen_d_CN": 0.2114,
      "cohen_d_H_cond": -1.6546,
      "cohen_d_T": -0.1941
    },
    "thr_11": {
      "threshold": 11,
      "n_short": 24,
      "n_long": 90,
      "mu_short": {
        "EL": 0.6859126984126984,
        "VL_CV": 0.38687833855423515,
        "CN": 0.0976190476190476,
        "H_cond": 0.3277002077503173,
        "T": -0.46172269684234263
      },
      "mu_long": {
        "EL": 0.7116901319609407,
        "VL_CV": 0.48534928142439704,
        "CN": 0.08431690429056761,
        "H_cond": 1.0060635036072583,
        "T": -0.24734238146118329
      },
      "euclidean_dist": 0.718800132495829,
      "cohen_d_EL": -0.1011,
      "cohen_d_VL_CV": -0.6063,
      "cohen_d_CN": 0.0993,
      "cohen_d_H_cond": -1.629,
      "cohen_d_T": -0.2353
    }
  },
  "verdict": {
    "verdict": "BIMODAL_MODERATE",
    "quran_delta_bic": 123.64,
    "max_ctrl_delta_bic": 14436.56,
    "prereg_thresholds": {
      "BIMODAL_STRONG": "ΔBIC > 10 AND ΔBIC > max(ctrl ΔBIC)",
      "BIMODAL_MODERATE": "ΔBIC > 10",
      "BIMODAL_WEAK": "ΔBIC in (2, 10]",
      "NULL": "ΔBIC ≤ 2"
    }
  },
  "runtime_seconds": 30.95
}