{
  "scope": "short",
  "tau_drift_sentinel": {
    "ok": true,
    "max_drift": 0.0,
    "tol": 1e-12,
    "per_compressor": {
      "bz2": {
        "locked": 0.29584120982986767,
        "from_exp95c_receipt": 0.29584120982986767,
        "abs_drift": 0.0,
        "ok": true
      },
      "gzip": {
        "locked": 0.04960835509138381,
        "from_exp95c_receipt": 0.04960835509138381,
        "abs_drift": 0.0,
        "ok": true
      },
      "lzma": {
        "locked": 0.02857142857142857,
        "from_exp95c_receipt": 0.02857142857142857,
        "abs_drift": 0.0,
        "ok": true
      },
      "zstd": {
        "locked": 0.029978586723768737,
        "from_exp95c_receipt": 0.029978586723768737,
        "abs_drift": 0.0,
        "ok": true
      }
    }
  },
  "prereg_fingerprint": {
    "ok": true,
    "deferred": false,
    "actual_hash": "ec14a1f6dcb81c3a54b0daeafa2b10f8707457ee4305de07d58ee7ede568e9a7",
    "expected_hash": "ec14a1f6dcb81c3a54b0daeafa2b10f8707457ee4305de07d58ee7ede568e9a7"
  },
  "q100_regression": {
    "ok": false,
    "K2_recall_q100": {
      "expected": 1.0,
      "actual": 1.0,
      "abs_diff": 0.0,
      "tol": 0.001,
      "ok": true
    },
    "gzip_solo_recall_q100": {
      "expected": 0.990741,
      "actual": 0.9948914431673053,
      "abs_diff": 0.004150443167305284,
      "tol": 0.001,
      "ok": false
    }
  },
  "variant_count_sanity": {
    "ok": true,
    "skipped_for_scope": "short"
  },
  "missed_variant_clusters": {
    "n_missed": 304207,
    "top_pairs": [
      [
        "ا->ش",
        1734
      ],
      [
        "ا->ت",
        1732
      ],
      [
        "ا->ث",
        1732
      ],
      [
        "ا->ز",
        1732
      ],
      [
        "ا->ص",
        1732
      ],
      [
        "ا->ح",
        1731
      ],
      [
        "ا->د",
        1731
      ],
      [
        "ا->غ",
        1731
      ],
      [
        "ا->خ",
        1730
      ],
      [
        "ا->ض",
        1730
      ],
      [
        "ا->ذ",
        1729
      ],
      [
        "ا->ط",
        1729
      ],
      [
        "ا->ظ",
        1729
      ],
      [
        "ا->س",
        1727
      ],
      [
        "ا->ع",
        1727
      ],
      [
        "ا->ج",
        1726
      ],
      [
        "ا->ر",
        1726
      ],
      [
        "ا->ب",
        1723
      ],
      [
        "ا->ي",
        1702
      ],
      [
        "ا->ل",
        1701
      ]
    ],
    "by_orig_consonant": {
      "ا": 46379,
      "ل": 44607,
      "م": 28335,
      "ن": 22151,
      "ي": 20948,
      "و": 20675,
      "ر": 15926,
      "ه": 13796,
      "ب": 11817,
      "ت": 9968,
      "ك": 9185,
      "ح": 8913,
      "ع": 7733,
      "س": 7432,
      "ف": 6152,
      "ق": 5525,
      "د": 4751,
      "ذ": 4563,
      "ز": 2368,
      "ج": 2339,
      "خ": 1994,
      "ش": 1969,
      "ص": 1733,
      "ض": 1534,
      "غ": 1006,
      "ط": 999,
      "ث": 978,
      "ظ": 431
    },
    "by_replacement_consonant": {
      "ث": 11242,
      "ط": 11236,
      "ض": 11231,
      "ظ": 11230,
      "غ": 11201,
      "ش": 11180,
      "ز": 11178,
      "ج": 11173,
      "ص": 11166,
      "خ": 11162,
      "ذ": 11101,
      "ق": 11099,
      "ف": 11095,
      "د": 11069,
      "س": 11009,
      "ع": 10969,
      "ح": 10952,
      "ك": 10948,
      "ت": 10887,
      "ب": 10814,
      "ه": 10753,
      "ر": 10655,
      "و": 10524,
      "ي": 10504,
      "ن": 10462,
      "م": 10228,
      "ل": 9613,
      "ا": 9526
    },
    "by_surah": {
      "Q:005": 16038,
      "Q:065": 10071,
      "Q:060": 9180,
      "Q:004": 8451,
      "Q:059": 7857,
      "Q:013": 7533,
      "Q:058": 7305,
      "Q:034": 7101,
      "Q:035": 6804,
      "Q:049": 6533,
      "Q:024": 6453,
      "Q:010": 6264,
      "Q:066": 5994,
      "Q:009": 5940,
      "Q:025": 5940,
      "Q:008": 5643,
      "Q:014": 5589,
      "Q:039": 5589,
      "Q:047": 5535,
      "Q:017": 5022,
      "Q:063": 4960,
      "Q:006": 4914,
      "Q:022": 4833,
      "Q:011": 4671,
      "Q:064": 4509,
      "Q:062": 4484,
      "Q:067": 4401,
      "Q:021": 4158,
      "Q:016": 3996,
      "Q:033": 3834,
      "Q:018": 3672,
      "Q:057": 3618,
      "Q:076": 3456,
      "Q:012": 3429,
      "Q:061": 3348,
      "Q:072": 3348,
      "Q:007": 3294,
      "Q:032": 3159,
      "Q:046": 3159,
      "Q:048": 3132,
      "Q:029": 3078,
      "Q:015": 2943,
      "Q:071": 2835,
      "Q:040": 2781,
      "Q:050": 2646,
      "Q:027": 2592,
      "Q:054": 2592,
      "Q:003": 2538,
      "Q:002": 2511,
      "Q:038": 2430,
      "Q:083": 2105,
      "Q:045": 2079,
      "Q:028": 2025,
      "Q:023": 1971,
      "Q:075": 1945,
      "Q:041": 1917,
      "Q:068": 1836,
      "Q:026": 1755,
      "Q:070": 1755,
      "Q:042": 1728,
      "Q:044": 1701,
      "Q:043": 1674,
      "Q:073": 1646,
      "Q:030": 1593,
      "Q:051": 1566,
      "Q:019": 1539,
      "Q:053": 1539,
      "Q:079": 1538,
      "Q:037": 1512,
      "Q:078": 1503,
      "Q:031": 1458,
      "Q:020": 1431,
      "Q:056": 1431,
      "Q:085": 1430,
      "Q:036": 1242,
      "Q:069": 1214,
      "Q:052": 1188,
      "Q:074": 1188,
      "Q:084": 1174,
      "Q:077": 1164,
      "Q:089": 1148,
      "Q:080": 958,
      "Q:055": 831,
      "Q:088": 747,
      "Q:082": 609,
      "Q:098": 526,
      "Q:092": 404,
      "Q:081": 379,
      "Q:090": 193,
      "Q:087": 150,
      "Q:110": 47,
      "Q:105": 39,
      "Q:106": 31,
      "Q:096": 26,
      "Q:113": 25,
      "Q:109": 23,
      "Q:094": 18,
      "Q:107": 14,
      "Q:091": 12,
      "Q:097": 6,
      "Q:095": 5,
      "Q:111": 2,
      "Q:001": 1,
      "Q:086": 1,
      "Q:099": 1,
      "Q:114": 1
    },
    "warnings": [],
    "warn_threshold": 0.1
  },
  "self_check_pre_ts": "2026-04-26T23:39:14",
  "runtime_seconds": 8366.93
}