{
  "experiment": "exp72_golden_ratio",
  "hypothesis": "H1 — Does the Quran's position in (T, EL) space relate to a known mathematical constant?",
  "schema_version": 1,
  "centroids": {
    "quran": {
      "T": -0.482403,
      "EL": 0.707434
    },
    "ctrl": {
      "T": -2.444941,
      "EL": 0.110803
    }
  },
  "separation": {
    "dT": 1.962538,
    "dEL": 0.596631,
    "theta_deg": 16.9098,
    "distance": 2.051225
  },
  "eigenvalues": {
    "lambda1": 1.125041,
    "lambda2": 0.018897,
    "ratio": 59.535377
  },
  "ratios": {
    "EL_q/|T_q|": 1.46648,
    "theta/pi": 0.093943,
    "theta_deg/90": 0.187886,
    "sep_dist": 2.051225,
    "eig_ratio": 59.535377,
    "dEL/dT": 0.30401,
    "EL_q": 0.707434,
    "T_q": 0.482403,
    "EL_q/EL_c": 6.384596
  },
  "bootstrap": {
    "EL_q/|T_q|": {
      "median": 1.467355,
      "ci_lo": 0.921081,
      "ci_hi": 3.194702,
      "width_pct": 154.9
    },
    "theta/pi": {
      "median": 0.093883,
      "ci_lo": 0.086737,
      "ci_hi": 0.102747,
      "width_pct": 17.1
    },
    "theta_deg/90": {
      "median": 0.187767,
      "ci_lo": 0.173475,
      "ci_hi": 0.205495,
      "width_pct": 17.1
    },
    "sep_dist": {
      "median": 2.052113,
      "ci_lo": 1.804772,
      "ci_hi": 2.302721,
      "width_pct": 24.3
    },
    "eig_ratio": {
      "median": 60.842058,
      "ci_lo": 39.477108,
      "ci_hi": 93.171227,
      "width_pct": 88.3
    },
    "dEL/dT": {
      "median": 0.303804,
      "ci_lo": 0.279445,
      "ci_hi": 0.334489,
      "width_pct": 18.1
    },
    "EL_q": {
      "median": 0.707696,
      "ci_lo": 0.660903,
      "ci_hi": 0.753897,
      "width_pct": 13.1
    },
    "T_q": {
      "median": 0.48121,
      "ci_lo": 0.231944,
      "ci_hi": 0.7299,
      "width_pct": 103.5
    },
    "EL_q/EL_c": {
      "median": 6.388678,
      "ci_lo": 5.928507,
      "ci_hi": 6.849351,
      "width_pct": 14.4
    }
  },
  "matches": [
    {
      "ratio": "EL_q/|T_q|",
      "constant": "phi",
      "const_val": 1.618033988749895,
      "ratio_val": 1.46648,
      "pct_error": 9.37,
      "ci_width_pct": 154.9,
      "narrow": false
    },
    {
      "ratio": "EL_q/|T_q|",
      "constant": "sqrt(2)",
      "const_val": 1.4142135623730951,
      "ratio_val": 1.46648,
      "pct_error": 3.7,
      "ci_width_pct": 154.9,
      "narrow": false
    },
    {
      "ratio": "EL_q/|T_q|",
      "constant": "e",
      "const_val": 2.718281828459045,
      "ratio_val": 1.46648,
      "pct_error": 46.05,
      "ci_width_pct": 154.9,
      "narrow": false
    },
    {
      "ratio": "EL_q/|T_q|",
      "constant": "pi",
      "const_val": 3.141592653589793,
      "ratio_val": 1.46648,
      "pct_error": 53.32,
      "ci_width_pct": 154.9,
      "narrow": false
    },
    {
      "ratio": "EL_q/|T_q|",
      "constant": "pi/2",
      "const_val": 1.5707963267948966,
      "ratio_val": 1.46648,
      "pct_error": 6.64,
      "ci_width_pct": 154.9,
      "narrow": false
    },
    {
      "ratio": "EL_q/|T_q|",
      "constant": "sqrt(3)",
      "const_val": 1.7320508075688772,
      "ratio_val": 1.46648,
      "pct_error": 15.33,
      "ci_width_pct": 154.9,
      "narrow": false
    },
    {
      "ratio": "EL_q/|T_q|",
      "constant": "sqrt(5)",
      "const_val": 2.23606797749979,
      "ratio_val": 1.46648,
      "pct_error": 34.42,
      "ci_width_pct": 154.9,
      "narrow": false
    },
    {
      "ratio": "sep_dist",
      "constant": "sqrt(5)",
      "const_val": 2.23606797749979,
      "ratio_val": 2.051225,
      "pct_error": 8.27,
      "ci_width_pct": 24.3,
      "narrow": false
    },
    {
      "ratio": "dEL/dT",
      "constant": "1/pi",
      "const_val": 0.3183098861837907,
      "ratio_val": 0.30401,
      "pct_error": 4.49,
      "ci_width_pct": 18.1,
      "narrow": false
    },
    {
      "ratio": "dEL/dT",
      "constant": "1/3",
      "const_val": 0.3333333333333333,
      "ratio_val": 0.30401,
      "pct_error": 8.8,
      "ci_width_pct": 18.1,
      "narrow": false
    },
    {
      "ratio": "EL_q",
      "constant": "1/sqrt(2)",
      "const_val": 0.7071067811865475,
      "ratio_val": 0.707434,
      "pct_error": 0.05,
      "ci_width_pct": 13.1,
      "narrow": false
    },
    {
      "ratio": "EL_q",
      "constant": "ln(2)",
      "const_val": 0.6931471805599453,
      "ratio_val": 0.707434,
      "pct_error": 2.06,
      "ci_width_pct": 13.1,
      "narrow": false
    },
    {
      "ratio": "EL_q",
      "constant": "2/3",
      "const_val": 0.6666666666666666,
      "ratio_val": 0.707434,
      "pct_error": 6.12,
      "ci_width_pct": 13.1,
      "narrow": false
    },
    {
      "ratio": "T_q",
      "constant": "1/phi",
      "const_val": 0.6180339887498948,
      "ratio_val": 0.482403,
      "pct_error": 21.95,
      "ci_width_pct": 103.5,
      "narrow": false
    },
    {
      "ratio": "T_q",
      "constant": "1/sqrt(2)",
      "const_val": 0.7071067811865475,
      "ratio_val": 0.482403,
      "pct_error": 31.78,
      "ci_width_pct": 103.5,
      "narrow": false
    },
    {
      "ratio": "T_q",
      "constant": "1/e",
      "const_val": 0.36787944117144233,
      "ratio_val": 0.482403,
      "pct_error": 31.13,
      "ci_width_pct": 103.5,
      "narrow": false
    },
    {
      "ratio": "T_q",
      "constant": "1/pi",
      "const_val": 0.3183098861837907,
      "ratio_val": 0.482403,
      "pct_error": 51.55,
      "ci_width_pct": 103.5,
      "narrow": false
    },
    {
      "ratio": "T_q",
      "constant": "2/pi",
      "const_val": 0.6366197723675814,
      "ratio_val": 0.482403,
      "pct_error": 24.22,
      "ci_width_pct": 103.5,
      "narrow": false
    },
    {
      "ratio": "T_q",
      "constant": "ln(2)",
      "const_val": 0.6931471805599453,
      "ratio_val": 0.482403,
      "pct_error": 30.4,
      "ci_width_pct": 103.5,
      "narrow": false
    },
    {
      "ratio": "T_q",
      "constant": "1/3",
      "const_val": 0.3333333333333333,
      "ratio_val": 0.482403,
      "pct_error": 44.72,
      "ci_width_pct": 103.5,
      "narrow": false
    },
    {
      "ratio": "T_q",
      "constant": "2/3",
      "const_val": 0.6666666666666666,
      "ratio_val": 0.482403,
      "pct_error": 27.64,
      "ci_width_pct": 103.5,
      "narrow": false
    },
    {
      "ratio": "T_q",
      "constant": "euler_gamma",
      "const_val": 0.5772156649,
      "ratio_val": 0.482403,
      "pct_error": 16.43,
      "ci_width_pct": 103.5,
      "narrow": false
    }
  ],
  "look_elsewhere": {
    "n_trials": 153,
    "p_spurious": 0.9545
  },
  "verdict": "NULL",
  "runtime_seconds": 3.08
}