{
  "experiment": "exp71_benford",
  "hypothesis": "H8 — Does the Quran's verse word-count distribution conform to Benford's law?",
  "schema_version": 1,
  "benford_expected_1st": [
    0.3010299956639812,
    0.17609125905568124,
    0.12493873660829993,
    0.09691001300805642,
    0.07918124604762482,
    0.06694678963061322,
    0.05799194697768673,
    0.05115252244738129,
    0.04575749056067514
  ],
  "benford_expected_2nd": [
    0.11967926859688076,
    0.1138901034075564,
    0.10882149900550823,
    0.10432956023095939,
    0.10030820226757937,
    0.09667723580232243,
    0.09337473578303615,
    0.09035198926960332,
    0.08757005357886138,
    0.08499735205769224
  ],
  "per_corpus_raw": {
    "quran": {
      "n_verses": 6236,
      "first_digit": {
        "counts": [
          2284,
          911,
          598,
          581,
          460,
          379,
          348,
          328,
          347
        ],
        "proportions": [
          0.3663,
          0.1461,
          0.0959,
          0.0932,
          0.0738,
          0.0608,
          0.0558,
          0.0526,
          0.0556
        ],
        "chi2": {
          "chi2": 182.9783,
          "p": 2.4380426454252905e-35,
          "n": 6236
        },
        "kl_divergence": 0.014611
      },
      "second_digit": {
        "n_two_digit": 3354,
        "chi2": {
          "chi2": 70.5482,
          "p": 1.1886978988704777e-11,
          "n": 3354
        },
        "kl_divergence": 0.010787
      }
    },
    "poetry_jahili": {
      "n_verses": 2561,
      "first_digit": {
        "counts": [
          23,
          18,
          17,
          20,
          15,
          21,
          2447,
          0,
          0
        ],
        "proportions": [
          0.009,
          0.007,
          0.0066,
          0.0078,
          0.0059,
          0.0082,
          0.9555,
          0.0,
          0.0
        ],
        "chi2": {
          "chi2": 37763.8298,
          "p": 0.0,
          "n": 2561
        },
        "kl_divergence": 2.55139
      },
      "second_digit": {
        "n_two_digit": 0,
        "chi2": {
          "chi2": NaN,
          "p": NaN,
          "n": 0
        },
        "kl_divergence": NaN
      }
    },
    "poetry_islami": {
      "n_verses": 10295,
      "first_digit": {
        "counts": [
          69,
          81,
          64,
          59,
          71,
          57,
          9894,
          0,
          0
        ],
        "proportions": [
          0.0067,
          0.0079,
          0.0062,
          0.0057,
          0.0069,
          0.0055,
          0.961,
          0.0,
          0.0
        ],
        "chi2": {
          "chi2": 153692.2052,
          "p": 0.0,
          "n": 10295
        },
        "kl_divergence": 2.582909
      },
      "second_digit": {
        "n_two_digit": 0,
        "chi2": {
          "chi2": NaN,
          "p": NaN,
          "n": 0
        },
        "kl_divergence": NaN
      }
    },
    "poetry_abbasi": {
      "n_verses": 76499,
      "first_digit": {
        "counts": [
          452,
          393,
          394,
          399,
          391,
          440,
          74030,
          0,
          0
        ],
        "proportions": [
          0.0059,
          0.0051,
          0.0052,
          0.0052,
          0.0051,
          0.0058,
          0.9677,
          0.0,
          0.0
        ],
        "chi2": {
          "chi2": 1158977.8738,
          "p": 0.0,
          "n": 76499
        },
        "kl_divergence": 2.622631
      },
      "second_digit": {
        "n_two_digit": 0,
        "chi2": {
          "chi2": NaN,
          "p": NaN,
          "n": 0
        },
        "kl_divergence": NaN
      }
    },
    "ksucca": {
      "n_verses": 1967,
      "first_digit": {
        "counts": [
          596,
          354,
          202,
          209,
          159,
          117,
          117,
          89,
          124
        ],
        "proportions": [
          0.303,
          0.18,
          0.1027,
          0.1063,
          0.0808,
          0.0595,
          0.0595,
          0.0452,
          0.063
        ],
        "chi2": {
          "chi2": 25.7171,
          "p": 0.0011739649015000944,
          "n": 1967
        },
        "kl_divergence": 0.006335
      },
      "second_digit": {
        "n_two_digit": 1655,
        "chi2": {
          "chi2": 82.1433,
          "p": 6.05645335030544e-14,
          "n": 1655
        },
        "kl_divergence": 0.024381
      }
    },
    "arabic_bible": {
      "n_verses": 31083,
      "first_digit": {
        "counts": [
          17194,
          5145,
          618,
          306,
          504,
          1235,
          1794,
          2124,
          2163
        ],
        "proportions": [
          0.5532,
          0.1655,
          0.0199,
          0.0098,
          0.0162,
          0.0397,
          0.0577,
          0.0683,
          0.0696
        ],
        "chi2": {
          "chi2": 14226.4202,
          "p": 0.0,
          "n": 31083
        },
        "kl_divergence": 0.269514
      },
      "second_digit": {
        "n_two_digit": 22811,
        "chi2": {
          "chi2": 620.7616,
          "p": 7.315105085798494e-128,
          "n": 22811
        },
        "kl_divergence": 0.01428
      }
    },
    "hindawi": {
      "n_verses": 1793,
      "first_digit": {
        "counts": [
          1422,
          59,
          64,
          52,
          41,
          32,
          42,
          43,
          38
        ],
        "proportions": [
          0.7931,
          0.0329,
          0.0357,
          0.029,
          0.0229,
          0.0178,
          0.0234,
          0.024,
          0.0212
        ],
        "chi2": {
          "chi2": 2073.3246,
          "p": 0.0,
          "n": 1793
        },
        "kl_divergence": 0.525664
      },
      "second_digit": {
        "n_two_digit": 1355,
        "chi2": {
          "chi2": 905.3531,
          "p": 4.3456712828986e-189,
          "n": 1355
        },
        "kl_divergence": 0.367101
      }
    }
  },
  "per_corpus_paired": {
    "quran": {
      "n_verses": 6236,
      "first_digit": {
        "counts": [
          2284,
          911,
          598,
          581,
          460,
          379,
          348,
          328,
          347
        ],
        "proportions": [
          0.3663,
          0.1461,
          0.0959,
          0.0932,
          0.0738,
          0.0608,
          0.0558,
          0.0526,
          0.0556
        ],
        "chi2": {
          "chi2": 182.9783,
          "p": 2.4380426454252905e-35,
          "n": 6236
        },
        "kl_divergence": 0.014611
      },
      "second_digit": {
        "n_two_digit": 3354,
        "chi2": {
          "chi2": 70.5482,
          "p": 1.1886978988704777e-11,
          "n": 3354
        },
        "kl_divergence": 0.010787
      }
    },
    "poetry_jahili": {
      "n_verses": 1313,
      "first_digit": {
        "counts": [
          1248,
          9,
          8,
          6,
          4,
          10,
          12,
          7,
          9
        ],
        "proportions": [
          0.9505,
          0.0069,
          0.0061,
          0.0046,
          0.003,
          0.0076,
          0.0091,
          0.0053,
          0.0069
        ],
        "chi2": {
          "chi2": 2633.8142,
          "p": 0.0,
          "n": 1313
        },
        "kl_divergence": 0.969807
      },
      "second_digit": {
        "n_two_digit": 1232,
        "chi2": {
          "chi2": 10173.0878,
          "p": 0.0,
          "n": 1232
        },
        "kl_divergence": 2.088773
      }
    },
    "poetry_islami": {
      "n_verses": 5269,
      "first_digit": {
        "counts": [
          4988,
          42,
          36,
          32,
          42,
          26,
          30,
          34,
          39
        ],