{
  "experiment": "exp31_subset_centroid_stationarity",
  "schema_version": 1,
  "hypothesis": "Does the Quran's 5-D centroid location (and therefore the Phi_M separation in PAPER.md Section 4.1) survive random subsetting of surahs? Equivalently, is the fingerprint carried uniformly across the Band-A Quran corpus or by a few outlier surahs?",
  "config": {
    "seed": 42,
    "band_a": [
      15,
      100
    ],
    "N_grid": [
      10,
      20,
      34,
      50,
      60,
      5
    ],
    "B_bootstrap": 2000,
    "arabic_ctrl_corpora": [
      "poetry_jahili",
      "poetry_islami",
      "poetry_abbasi",
      "ksucca",
      "arabic_bible",
      "hindawi"
    ]
  },
  "n_quran_band_a": 68,
  "n_ctrl_band_a": 2509,
  "feat_cols": [
    "EL",
    "VL_CV",
    "CN",
    "H_cond",
    "T"
  ],
  "full_corpus": {
    "T2_full_Quran_vs_ctrl_centroid": 4189.362398004937,
    "dist_full_Quran_centroid_to_ctrl_M": 7.8490936138446035,
    "ctrl_pool_mean_phi_m_M": 0.0
  },
  "subset_bootstrap": {
    "10": {
      "N": 10,
      "B": 2000,
      "drift_M": {
        "n": 2000,
        "mean": 1.0849127932235456,
        "median": 1.032156738725393,
        "sd": 0.39657162473055113,
        "q05": 0.5127446436589957,
        "q25": 0.8012445734007363,
        "q75": 1.3380168230573801,
        "q95": 1.8206743685382618,
        "min": 0.2115400710078731,
        "max": 2.8812049598429237
      },
      "dist_C_M": {
        "n": 2000,
        "mean": 7.901969498449684,
        "median": 7.913019492231975,
        "sd": 0.7535770062062043,
        "q05": 6.613438221641437,
        "q25": 7.375173316780537,
        "q75": 8.431110956455797,
        "q95": 9.11816124812124,
        "min": 5.540203202795513,
        "max": 9.857128086907116
      },
      "T2": {
        "n": 2000,
        "mean": 630.0871631955972,
        "median": 626.1587753091812,
        "sd": 118.73714928095693,
        "q05": 437.37565147983446,
        "q25": 543.9318161078959,
        "q75": 710.8363196056271,
        "q95": 831.4086547183445,
        "min": 306.93851528265657,
        "max": 971.6297412169314
      },
      "fraction_T2_ge_50pct_of_full": 0.0,
      "fraction_T2_ge_90pct_of_full": 0.0
    },
    "20": {
      "N": 20,
      "B": 2000,
      "drift_M": {
        "n": 2000,
        "mean": 0.6948400740350503,
        "median": 0.6630623298230998,
        "sd": 0.26104619153928255,
        "q05": 0.32251802500926463,
        "q25": 0.5081249593642456,
        "q75": 0.8429995271451142,
        "q95": 1.1803739599050584,
        "min": 0.12046791066867026,
        "max": 1.7406879254169603
      },
      "dist_C_M": {
        "n": 2000,
        "mean": 7.867193857294455,
        "median": 7.8803921980241975,
        "sd": 0.4872193682764729,
        "q05": 7.077692217611345,
        "q25": 7.520901445779646,
        "q75": 8.20455006832746,
        "q95": 8.669839636815544,
        "min": 6.429279736604676,
        "max": 9.524842584938913
      },
      "T2": {
        "n": 2000,
        "mean": 1242.6000641943785,
        "median": 1242.0116320982333,
        "sd": 153.60536875494844,
        "q05": 1001.8745437788097,
        "q25": 1131.279175364,
        "q75": 1346.2928370929146,
        "q95": 1503.3224423798597,
        "min": 826.7127586303098,
        "max": 1814.452525357316
      },
      "fraction_T2_ge_50pct_of_full": 0.0,
      "fraction_T2_ge_90pct_of_full": 0.0
    },
    "34": {
      "N": 34,
      "B": 2000,
      "drift_M": {
        "n": 2000,
        "mean": 0.4488823723528589,
        "median": 0.43492184568051906,
        "sd": 0.16622437017352898,
        "q05": 0.21466301310436914,
        "q25": 0.3263364463710341,
        "q75": 0.5451055070757493,
        "q95": 0.7629527841092547,
        "min": 0.09316068140334494,
        "max": 1.1738362638358137
      },
      "dist_C_M": {
        "n": 2000,
        "mean": 7.864189474771171,
        "median": 7.861908935956414,
        "sd": 0.3120160425179369,
        "q05": 7.352386341889011,
        "q25": 7.648725466920389,
        "q75": 8.078955739168881,
        "q95": 8.37263563064887,
        "min": 6.963269127335289,
        "max": 8.824470480401365
      },
      "T2": {
        "n": 2000,
        "mean": 2106.054568582084,
        "median": 2101.5268119877674,
        "sd": 167.06275530946104,
        "q05": 1837.957890158366,
        "q25": 1989.1020435249031,
        "q75": 2219.163890165806,
        "q95": 2383.4349317322253,
        "min": 1648.5619759498259,
        "max": 2647.6234948221536
      },
      "fraction_T2_ge_50pct_of_full": 0.518,
      "fraction_T2_ge_90pct_of_full": 0.0
    },
    "50": {
      "N": 50,
      "B": 2000,
      "drift_M": {
        "n": 2000,
        "mean": 0.26818200560693783,
        "median": 0.2564259890423749,
        "sd": 0.09920142522003467,
        "q05": 0.12999064573137317,
        "q25": 0.19359818110211854,
        "q75": 0.3270615951308822,
        "q95": 0.450631342928303,
        "min": 0.05943142972995678,
        "max": 0.6900236933303832
      },
      "dist_C_M": {
        "n": 2000,
        "mean": 7.8485447617519135,
        "median": 7.849804551752401,
        "sd": 0.18477656210451138,
        "q05": 7.545102207755304,
        "q25": 7.722631137972645,
        "q75": 7.973103102841463,
        "q95": 8.153979764623315,
        "min": 7.205442869585524,
        "max": 8.452809955658593
      },
      "T2": {
        "n": 2000,
        "mean": 3081.6890091968808,
        "median": 3080.971575050359,
        "sd": 144.96015861764982,
        "q05": 2846.4283664322625,
        "q25": 2981.951586337761,
        "q75": 3178.518655869658,
        "q95": 3324.36930041859,
        "min": 2595.920347343044,
        "max": 3572.4998073240513
      },
      "fraction_T2_ge_50pct_of_full": 1.0,
      "fraction_T2_ge_90pct_of_full": 0.0
    },
    "60": {
      "N": 60,
      "B": 2000,
      "drift_M": {
        "n": 2000,
        "mean": 0.16351141436183253,
        "median": 0.15554987501812634,
        "sd": 0.06193321481525278,
        "q05": 0.07695433977802624,
        "q25": 0.11916772123254855,
        "q75": 0.19862164934314683,
        "q95": 0.27671893032132794,
        "min": 0.025627273848280216,
        "max": 0.4563357593148218
      },
      "dist_C_M": {
        "n": 2000,
        "mean": 7.853126686090023,
        "median": 7.851559159371215,
        "sd": 0.1123930848374116,
        "q05": 7.675616529784288,
        "q25": 7.773509598584394,
        "q75": 7.931090912551905,
        "q95": 8.035167856138765,
        "min": 7.45441049905575,
        "max": 8.255113533215386
      },
      "T2": {
        "n": 2000,
        "mean": 3701.053478231746,
        "median": 3698.818877341881,
        "sd": 105.95810370998022,
        "q05": 3534.9053468370753,
        "q25": 3625.6470887662535,
        "q75": 3774.132185790165,
        "q95": 3873.835354902446,
        "min": 3334.0941533059554,
        "max": 4088.8139667765495
      },
      "fraction_T2_ge_50pct_of_full": 1.0,
      "fraction_T2_ge_90pct_of_full": 0.261
    },
    "5": {
      "N": 5,
      "B": 2000,
      "drift_M": {
        "n": 2000,
        "mean": 1.578366394441298,
        "median": 1.498567810392132,
        "sd": 0.597018749128598,
        "q05": 0.7084995709796803,
        "q25": 1.1262983638115975,
        "q75": 1.9652364297041482,
        "q95": 2.6532459941228788,
        "min": 0.3062680924574105,
        "max": 3.665877077442246
      },
      "dist_C_M": {
        "n": 0
      },
      "T2": {
        "n": 2000,
        "mean": 320.26339376515546,
        "median": 315.2360957756423,
        "sd": 85.82419219123905,
        "q05": 187.06229193596693,
        "q25": 259.42239990285566,
        "q75": 378.29722551170323,
        "q95": 467.58057102689014,
        "min": 102.94418767260531,
        "max": 609.3520033992918
      },
      "fraction_T2_ge_50pct_of_full": 0.0,
      "fraction_T2_ge_90pct_of_full": null
    }
  },